config_hash,accuracy,n,coverage,roi,avg_odds,max_drawdown,ci_lo,ci_hi,flags,market,direction_source
c550fcd0fcc80f1c,1.0,3,0.0667,0.26,1.26,0.0,0.4385,1.0,N_LT_50_NOT_DISCOVERY|SMALL_SAMPLE|EXTREME_FAVORITE_HEAVY,home,wde
2ce6c701f44b27d0,1.0,3,0.0667,0.26,1.26,0.0,0.4385,1.0,N_LT_50_NOT_DISCOVERY|SMALL_SAMPLE|EXTREME_FAVORITE_HEAVY,home,wde
61f72a9650dac1e7,1.0,3,0.0667,0.26,1.26,0.0,0.4385,1.0,N_LT_50_NOT_DISCOVERY|SMALL_SAMPLE|EXTREME_FAVORITE_HEAVY,home,wde
09ca1e7688b45a95,1.0,3,0.0667,0.26,1.26,0.0,0.4385,1.0,N_LT_50_NOT_DISCOVERY|SMALL_SAMPLE|EXTREME_FAVORITE_HEAVY,home,wde
acd1f223e304b4c5,1.0,3,0.0667,0.26,1.26,0.0,0.4385,1.0,N_LT_50_NOT_DISCOVERY|SMALL_SAMPLE|EXTREME_FAVORITE_HEAVY,home,wde
d2a2c11922edb397,1.0,3,0.0667,0.26,1.26,0.0,0.4385,1.0,N_LT_50_NOT_DISCOVERY|SMALL_SAMPLE|EXTREME_FAVORITE_HEAVY,home,wde
93fe96b35f4734ae,1.0,3,0.0667,0.26,1.26,0.0,0.4385,1.0,N_LT_50_NOT_DISCOVERY|SMALL_SAMPLE|EXTREME_FAVORITE_HEAVY,home,wde
fd1954f406a26bdb,1.0,3,0.0667,0.26,1.26,0.0,0.4385,1.0,N_LT_50_NOT_DISCOVERY|SMALL_SAMPLE|EXTREME_FAVORITE_HEAVY,home,wde
34db260a5dfbfa1b,1.0,3,0.0667,0.26,1.26,0.0,0.4385,1.0,N_LT_50_NOT_DISCOVERY|SMALL_SAMPLE|EXTREME_FAVORITE_HEAVY,home,wde
c0059bd7950d9cac,1.0,3,0.0667,0.26,1.26,0.0,0.4385,1.0,N_LT_50_NOT_DISCOVERY|SMALL_SAMPLE|EXTREME_FAVORITE_HEAVY,home,wde
07334f30a746ccdc,1.0,3,0.0667,0.26,1.26,0.0,0.4385,1.0,N_LT_50_NOT_DISCOVERY|SMALL_SAMPLE|EXTREME_FAVORITE_HEAVY,home,wde
dd346e35deb15e3d,1.0,3,0.0667,0.26,1.26,0.0,0.4385,1.0,N_LT_50_NOT_DISCOVERY|SMALL_SAMPLE|EXTREME_FAVORITE_HEAVY,home,wde
c7c24fc5ed662720,1.0,3,0.0667,0.26,1.26,0.0,0.4385,1.0,N_LT_50_NOT_DISCOVERY|SMALL_SAMPLE|EXTREME_FAVORITE_HEAVY,home,wde
788f0f4761b1e1bc,1.0,3,0.0667,0.26,1.26,0.0,0.4385,1.0,N_LT_50_NOT_DISCOVERY|SMALL_SAMPLE|EXTREME_FAVORITE_HEAVY,home,wde
10d14963819ca37c,1.0,3,0.0667,0.26,1.26,0.0,0.4385,1.0,N_LT_50_NOT_DISCOVERY|SMALL_SAMPLE|EXTREME_FAVORITE_HEAVY,home,wde
87cdbb4212f4073f,1.0,3,0.0667,0.26,1.26,0.0,0.4385,1.0,N_LT_50_NOT_DISCOVERY|SMALL_SAMPLE|EXTREME_FAVORITE_HEAVY,home,wde
1cb0a117be5e9a79,1.0,3,0.0667,0.26,1.26,0.0,0.4385,1.0,N_LT_50_NOT_DISCOVERY|SMALL_SAMPLE|EXTREME_FAVORITE_HEAVY,home,wde
28413788b14a5a69,1.0,3,0.0667,0.26,1.26,0.0,0.4385,1.0,N_LT_50_NOT_DISCOVERY|SMALL_SAMPLE|EXTREME_FAVORITE_HEAVY,home,wde
a4728227866cddcf,1.0,3,0.0667,0.26,1.26,0.0,0.4385,1.0,N_LT_50_NOT_DISCOVERY|SMALL_SAMPLE|EXTREME_FAVORITE_HEAVY,home,wde
8ed4b87c8f3b8cfc,1.0,3,0.0667,0.26,1.26,0.0,0.4385,1.0,N_LT_50_NOT_DISCOVERY|SMALL_SAMPLE|EXTREME_FAVORITE_HEAVY,home,wde
687dd8c97113952e,1.0,3,0.0667,0.26,1.26,0.0,0.4385,1.0,N_LT_50_NOT_DISCOVERY|SMALL_SAMPLE|EXTREME_FAVORITE_HEAVY,home,wde
f7dd9224bc3ced33,1.0,3,0.0667,0.26,1.26,0.0,0.4385,1.0,N_LT_50_NOT_DISCOVERY|SMALL_SAMPLE|EXTREME_FAVORITE_HEAVY,home,wde
d9045f2dc85d47ec,1.0,3,0.0667,0.26,1.26,0.0,0.4385,1.0,N_LT_50_NOT_DISCOVERY|SMALL_SAMPLE|EXTREME_FAVORITE_HEAVY,home,wde
7e1f5bbe55eafffc,1.0,3,0.0667,0.26,1.26,0.0,0.4385,1.0,N_LT_50_NOT_DISCOVERY|SMALL_SAMPLE|EXTREME_FAVORITE_HEAVY,home,wde
7e12eab7ac942b9e,1.0,3,0.0667,0.26,1.26,0.0,0.4385,1.0,N_LT_50_NOT_DISCOVERY|SMALL_SAMPLE|EXTREME_FAVORITE_HEAVY,home,wde
966a36e673a91c85,1.0,3,0.0667,0.26,1.26,0.0,0.4385,1.0,N_LT_50_NOT_DISCOVERY|SMALL_SAMPLE|EXTREME_FAVORITE_HEAVY,home,wde
025bf97757d9947c,1.0,3,0.0667,0.26,1.26,0.0,0.4385,1.0,N_LT_50_NOT_DISCOVERY|SMALL_SAMPLE|EXTREME_FAVORITE_HEAVY,home,wde
3638c8524be4a9be,1.0,3,0.0667,0.26,1.26,0.0,0.4385,1.0,N_LT_50_NOT_DISCOVERY|SMALL_SAMPLE|EXTREME_FAVORITE_HEAVY,home,wde
d29e36dcc8ac58a8,1.0,3,0.0667,0.26,1.26,0.0,0.4385,1.0,N_LT_50_NOT_DISCOVERY|SMALL_SAMPLE|EXTREME_FAVORITE_HEAVY,home,wde
5a356c29887050a2,1.0,3,0.0667,0.26,1.26,0.0,0.4385,1.0,N_LT_50_NOT_DISCOVERY|SMALL_SAMPLE|EXTREME_FAVORITE_HEAVY,home,wde
4bab8f800aecdac2,1.0,3,0.0667,0.26,1.26,0.0,0.4385,1.0,N_LT_50_NOT_DISCOVERY|SMALL_SAMPLE|EXTREME_FAVORITE_HEAVY,home,wde
8609090c4d528458,1.0,3,0.0667,0.26,1.26,0.0,0.4385,1.0,N_LT_50_NOT_DISCOVERY|SMALL_SAMPLE|EXTREME_FAVORITE_HEAVY,home,wde
3d9982cb2b570263,1.0,3,0.0667,0.26,1.26,0.0,0.4385,1.0,N_LT_50_NOT_DISCOVERY|SMALL_SAMPLE|EXTREME_FAVORITE_HEAVY,home,wde
1f411b3de31fb228,1.0,3,0.0667,0.26,1.26,0.0,0.4385,1.0,N_LT_50_NOT_DISCOVERY|SMALL_SAMPLE|EXTREME_FAVORITE_HEAVY,home,wde
1412ae2657f507a4,1.0,3,0.0667,0.26,1.26,0.0,0.4385,1.0,N_LT_50_NOT_DISCOVERY|SMALL_SAMPLE|EXTREME_FAVORITE_HEAVY,home,wde
43c083cadf93cff2,1.0,3,0.0667,0.26,1.26,0.0,0.4385,1.0,N_LT_50_NOT_DISCOVERY|SMALL_SAMPLE|EXTREME_FAVORITE_HEAVY,home,wde
01d71a56c9246dfe,1.0,3,0.0667,0.26,1.26,0.0,0.4385,1.0,N_LT_50_NOT_DISCOVERY|SMALL_SAMPLE|EXTREME_FAVORITE_HEAVY,home,wde
f45483853beb069d,1.0,3,0.0667,0.26,1.26,0.0,0.4385,1.0,N_LT_50_NOT_DISCOVERY|SMALL_SAMPLE|EXTREME_FAVORITE_HEAVY,home,wde
2cd5e08b189a2d74,1.0,3,0.0667,0.26,1.26,0.0,0.4385,1.0,N_LT_50_NOT_DISCOVERY|SMALL_SAMPLE|EXTREME_FAVORITE_HEAVY,home,wde
fbc9022a62ed500c,1.0,3,0.0667,0.26,1.26,0.0,0.4385,1.0,N_LT_50_NOT_DISCOVERY|SMALL_SAMPLE|EXTREME_FAVORITE_HEAVY,home,wde
73b19f10f4e0939a,1.0,3,0.0667,0.26,1.26,0.0,0.4385,1.0,N_LT_50_NOT_DISCOVERY|SMALL_SAMPLE|EXTREME_FAVORITE_HEAVY,home,wde
541b64fdf4593e67,1.0,3,0.0667,0.26,1.26,0.0,0.4385,1.0,N_LT_50_NOT_DISCOVERY|SMALL_SAMPLE|EXTREME_FAVORITE_HEAVY,home,wde
77e6539c31771208,1.0,3,0.0667,0.26,1.26,0.0,0.4385,1.0,N_LT_50_NOT_DISCOVERY|SMALL_SAMPLE|EXTREME_FAVORITE_HEAVY,home,wde
03c38d1a01d42e45,1.0,3,0.0667,0.26,1.26,0.0,0.4385,1.0,N_LT_50_NOT_DISCOVERY|SMALL_SAMPLE|EXTREME_FAVORITE_HEAVY,home,wde
52783147ee8805b7,1.0,3,0.0667,0.26,1.26,0.0,0.4385,1.0,N_LT_50_NOT_DISCOVERY|SMALL_SAMPLE|EXTREME_FAVORITE_HEAVY,home,wde
e062029d961e07d1,1.0,3,0.0667,0.26,1.26,0.0,0.4385,1.0,N_LT_50_NOT_DISCOVERY|SMALL_SAMPLE|EXTREME_FAVORITE_HEAVY,home,wde
4b7ce08f8f705518,1.0,3,0.0667,0.26,1.26,0.0,0.4385,1.0,N_LT_50_NOT_DISCOVERY|SMALL_SAMPLE|EXTREME_FAVORITE_HEAVY,home,wde
3e66ce0eedfece4f,1.0,3,0.0667,0.26,1.26,0.0,0.4385,1.0,N_LT_50_NOT_DISCOVERY|SMALL_SAMPLE|EXTREME_FAVORITE_HEAVY,home,wde
d605093d926f636c,1.0,3,0.0667,0.26,1.26,0.0,0.4385,1.0,N_LT_50_NOT_DISCOVERY|SMALL_SAMPLE|EXTREME_FAVORITE_HEAVY,home,wde
c055722b3bc2ee85,1.0,3,0.0667,0.26,1.26,0.0,0.4385,1.0,N_LT_50_NOT_DISCOVERY|SMALL_SAMPLE|EXTREME_FAVORITE_HEAVY,home,wde
7656317efe7b2b8c,1.0,3,0.0667,0.26,1.26,0.0,0.4385,1.0,N_LT_50_NOT_DISCOVERY|SMALL_SAMPLE|EXTREME_FAVORITE_HEAVY,home,wde
de83c1f01c4732a1,1.0,3,0.0667,0.26,1.26,0.0,0.4385,1.0,N_LT_50_NOT_DISCOVERY|SMALL_SAMPLE|EXTREME_FAVORITE_HEAVY,home,wde
687f6f20d04b0e43,1.0,3,0.0667,0.26,1.26,0.0,0.4385,1.0,N_LT_50_NOT_DISCOVERY|SMALL_SAMPLE|EXTREME_FAVORITE_HEAVY,home,wde
46b71bf2d6adaf5e,1.0,3,0.0667,0.26,1.26,0.0,0.4385,1.0,N_LT_50_NOT_DISCOVERY|SMALL_SAMPLE|EXTREME_FAVORITE_HEAVY,home,wde
872c80b2d8af03ed,1.0,3,0.0667,0.26,1.26,0.0,0.4385,1.0,N_LT_50_NOT_DISCOVERY|SMALL_SAMPLE|EXTREME_FAVORITE_HEAVY,home,wde
e869ab7a4a934733,1.0,3,0.0667,0.26,1.26,0.0,0.4385,1.0,N_LT_50_NOT_DISCOVERY|SMALL_SAMPLE|EXTREME_FAVORITE_HEAVY,home,wde
342d50ebc4afc410,1.0,3,0.0667,0.26,1.26,0.0,0.4385,1.0,N_LT_50_NOT_DISCOVERY|SMALL_SAMPLE|EXTREME_FAVORITE_HEAVY,home,wde
6a6e94fc005359b8,1.0,3,0.0667,0.26,1.26,0.0,0.4385,1.0,N_LT_50_NOT_DISCOVERY|SMALL_SAMPLE|EXTREME_FAVORITE_HEAVY,home,wde
942662f954f3f264,1.0,3,0.0667,0.26,1.26,0.0,0.4385,1.0,N_LT_50_NOT_DISCOVERY|SMALL_SAMPLE|EXTREME_FAVORITE_HEAVY,home,wde
558056affad666a0,1.0,3,0.0667,0.26,1.26,0.0,0.4385,1.0,N_LT_50_NOT_DISCOVERY|SMALL_SAMPLE|EXTREME_FAVORITE_HEAVY,home,wde
f017e6ad88dd04e3,1.0,3,0.0667,0.26,1.26,0.0,0.4385,1.0,N_LT_50_NOT_DISCOVERY|SMALL_SAMPLE|EXTREME_FAVORITE_HEAVY,home,wde
fc07ff44bbbd9dbd,1.0,3,0.0667,0.26,1.26,0.0,0.4385,1.0,N_LT_50_NOT_DISCOVERY|SMALL_SAMPLE|EXTREME_FAVORITE_HEAVY,home,wde
0c02654c3bd13850,1.0,3,0.0667,0.26,1.26,0.0,0.4385,1.0,N_LT_50_NOT_DISCOVERY|SMALL_SAMPLE|EXTREME_FAVORITE_HEAVY,home,wde
778b48552c32ea32,1.0,3,0.0667,0.26,1.26,0.0,0.4385,1.0,N_LT_50_NOT_DISCOVERY|SMALL_SAMPLE|EXTREME_FAVORITE_HEAVY,home,wde
15d4d0e6b39e61c3,1.0,3,0.0667,0.26,1.26,0.0,0.4385,1.0,N_LT_50_NOT_DISCOVERY|SMALL_SAMPLE|EXTREME_FAVORITE_HEAVY,home,wde
df6d434d08209ac9,1.0,3,0.0667,0.26,1.26,0.0,0.4385,1.0,N_LT_50_NOT_DISCOVERY|SMALL_SAMPLE|EXTREME_FAVORITE_HEAVY,home,wde
3fce90478471687a,1.0,3,0.0667,0.26,1.26,0.0,0.4385,1.0,N_LT_50_NOT_DISCOVERY|SMALL_SAMPLE|EXTREME_FAVORITE_HEAVY,home,wde
85586cb438e59285,1.0,3,0.0667,0.26,1.26,0.0,0.4385,1.0,N_LT_50_NOT_DISCOVERY|SMALL_SAMPLE|EXTREME_FAVORITE_HEAVY,home,wde
a5cf481ef979f496,1.0,3,0.0667,0.26,1.26,0.0,0.4385,1.0,N_LT_50_NOT_DISCOVERY|SMALL_SAMPLE|EXTREME_FAVORITE_HEAVY,home,wde
a8b60dec49ea6d73,1.0,3,0.0667,0.26,1.26,0.0,0.4385,1.0,N_LT_50_NOT_DISCOVERY|SMALL_SAMPLE|EXTREME_FAVORITE_HEAVY,home,wde
974f78ca5f1f5edc,1.0,3,0.0667,0.26,1.26,0.0,0.4385,1.0,N_LT_50_NOT_DISCOVERY|SMALL_SAMPLE|EXTREME_FAVORITE_HEAVY,home,wde
5072bc78b71bfa55,1.0,3,0.0667,0.26,1.26,0.0,0.4385,1.0,N_LT_50_NOT_DISCOVERY|SMALL_SAMPLE|EXTREME_FAVORITE_HEAVY,home,wde
4d708c492539fe8c,1.0,3,0.0667,0.26,1.26,0.0,0.4385,1.0,N_LT_50_NOT_DISCOVERY|SMALL_SAMPLE|EXTREME_FAVORITE_HEAVY,home,wde
84d6b1606a6dc89d,1.0,3,0.0667,0.26,1.26,0.0,0.4385,1.0,N_LT_50_NOT_DISCOVERY|SMALL_SAMPLE|EXTREME_FAVORITE_HEAVY,home,wde
233da0705122ce24,1.0,3,0.0667,0.26,1.26,0.0,0.4385,1.0,N_LT_50_NOT_DISCOVERY|SMALL_SAMPLE|EXTREME_FAVORITE_HEAVY,home,wde
9d3522471ea60877,1.0,3,0.0667,0.26,1.26,0.0,0.4385,1.0,N_LT_50_NOT_DISCOVERY|SMALL_SAMPLE|EXTREME_FAVORITE_HEAVY,home,wde
13a49c2548e300d1,1.0,3,0.0667,0.26,1.26,0.0,0.4385,1.0,N_LT_50_NOT_DISCOVERY|SMALL_SAMPLE|EXTREME_FAVORITE_HEAVY,home,wde
9d52e15fd91e54d5,1.0,3,0.0667,0.26,1.26,0.0,0.4385,1.0,N_LT_50_NOT_DISCOVERY|SMALL_SAMPLE|EXTREME_FAVORITE_HEAVY,home,wde
3c2fd85541353b78,1.0,3,0.0667,0.26,1.26,0.0,0.4385,1.0,N_LT_50_NOT_DISCOVERY|SMALL_SAMPLE|EXTREME_FAVORITE_HEAVY,home,wde
ce9a7c50640b96b0,1.0,3,0.0667,0.26,1.26,0.0,0.4385,1.0,N_LT_50_NOT_DISCOVERY|SMALL_SAMPLE|EXTREME_FAVORITE_HEAVY,home,wde
072a308b63d3ba44,1.0,3,0.0667,0.26,1.26,0.0,0.4385,1.0,N_LT_50_NOT_DISCOVERY|SMALL_SAMPLE|EXTREME_FAVORITE_HEAVY,home,wde
363b51c01bbf19d8,1.0,3,0.0667,0.26,1.26,0.0,0.4385,1.0,N_LT_50_NOT_DISCOVERY|SMALL_SAMPLE|EXTREME_FAVORITE_HEAVY,home,wde
c4fbe2aa75d00065,1.0,3,0.0667,0.26,1.26,0.0,0.4385,1.0,N_LT_50_NOT_DISCOVERY|SMALL_SAMPLE|EXTREME_FAVORITE_HEAVY,home,wde
c3bd7d4b7638cba9,1.0,3,0.0667,0.26,1.26,0.0,0.4385,1.0,N_LT_50_NOT_DISCOVERY|SMALL_SAMPLE|EXTREME_FAVORITE_HEAVY,home,wde
d0f3abe23cfd9fbc,1.0,3,0.0667,0.26,1.26,0.0,0.4385,1.0,N_LT_50_NOT_DISCOVERY|SMALL_SAMPLE|EXTREME_FAVORITE_HEAVY,home,wde
8244be2c5ad6ad22,1.0,3,0.0667,0.26,1.26,0.0,0.4385,1.0,N_LT_50_NOT_DISCOVERY|SMALL_SAMPLE|EXTREME_FAVORITE_HEAVY,home,wde
c03b5e4a1cdc25ff,1.0,3,0.0667,0.26,1.26,0.0,0.4385,1.0,N_LT_50_NOT_DISCOVERY|SMALL_SAMPLE|EXTREME_FAVORITE_HEAVY,home,wde
1bbdf7a7b17cce7d,1.0,3,0.0667,0.26,1.26,0.0,0.4385,1.0,N_LT_50_NOT_DISCOVERY|SMALL_SAMPLE|EXTREME_FAVORITE_HEAVY,home,wde
641b44f9dfe42d68,1.0,3,0.0667,0.26,1.26,0.0,0.4385,1.0,N_LT_50_NOT_DISCOVERY|SMALL_SAMPLE|EXTREME_FAVORITE_HEAVY,home,wde
ae129a7c2039df7c,1.0,3,0.0667,0.26,1.26,0.0,0.4385,1.0,N_LT_50_NOT_DISCOVERY|SMALL_SAMPLE|EXTREME_FAVORITE_HEAVY,home,wde
da8cf17f472a680e,1.0,3,0.0667,0.26,1.26,0.0,0.4385,1.0,N_LT_50_NOT_DISCOVERY|SMALL_SAMPLE|EXTREME_FAVORITE_HEAVY,home,wde
53bd93dd5bc10f15,1.0,3,0.0667,0.26,1.26,0.0,0.4385,1.0,N_LT_50_NOT_DISCOVERY|SMALL_SAMPLE|EXTREME_FAVORITE_HEAVY,home,wde
979520129ea960a8,1.0,3,0.0667,0.26,1.26,0.0,0.4385,1.0,N_LT_50_NOT_DISCOVERY|SMALL_SAMPLE|EXTREME_FAVORITE_HEAVY,home,wde
e7b2320f488aa23b,1.0,3,0.0667,0.26,1.26,0.0,0.4385,1.0,N_LT_50_NOT_DISCOVERY|SMALL_SAMPLE|EXTREME_FAVORITE_HEAVY,home,wde
67a264beafb9340c,1.0,3,0.0667,0.26,1.26,0.0,0.4385,1.0,N_LT_50_NOT_DISCOVERY|SMALL_SAMPLE|EXTREME_FAVORITE_HEAVY,home,wde
0fa815f6cde6495a,1.0,3,0.0667,0.26,1.26,0.0,0.4385,1.0,N_LT_50_NOT_DISCOVERY|SMALL_SAMPLE|EXTREME_FAVORITE_HEAVY,home,wde
d8ba833e38439b75,1.0,3,0.0667,0.26,1.26,0.0,0.4385,1.0,N_LT_50_NOT_DISCOVERY|SMALL_SAMPLE|EXTREME_FAVORITE_HEAVY,home,wde
bb5f7870219d246a,1.0,3,0.0667,0.26,1.26,0.0,0.4385,1.0,N_LT_50_NOT_DISCOVERY|SMALL_SAMPLE|EXTREME_FAVORITE_HEAVY,home,wde
1f8647685368a05e,1.0,3,0.0667,0.26,1.26,0.0,0.4385,1.0,N_LT_50_NOT_DISCOVERY|SMALL_SAMPLE|EXTREME_FAVORITE_HEAVY,home,wde
d7b30f8b32fdc42a,1.0,3,0.0667,0.26,1.26,0.0,0.4385,1.0,N_LT_50_NOT_DISCOVERY|SMALL_SAMPLE|EXTREME_FAVORITE_HEAVY,home,wde
