sportmonks_fixture_id,player_id,player_name,team_id,ml_score,ml_rank,odds_rank,value_gap,composite_scorer_score,confidence_tier,target_anytime,target_first_goal,odds_implied_anytime
19609128,21045321,Érik Lira,18576,0.5792060580580215,8.0,31.0,23.0,0.47616,C,0,0,0.064857
19609128,37342718,Han-beom Lee,18567,0.5579270067140666,10.0,33.0,23.0,0.358438,D,0,0,0.05882400000000001
19609128,322964,Min-jae Kim,18567,0.5009078610267547,13.0,34.0,21.0,0.278456,D,0,0,0.05882400000000001
19609128,253754,Jorge Sánchez,18576,0.49639275815967737,15.0,32.0,17.0,0.300735,D,0,0,0.064857
19609128,37561621,Gi-hyuk Lee,18567,0.4739004886813637,19.0,35.0,16.0,0.387246,D,0,0,0.058824
19609128,321093,In-beom Hwang,18567,0.6016389620977773,7.0,23.0,16.0,0.477967,C,0,0,0.11236933333333332
19609128,37420363,Young-woo Seol,18567,0.49748789702557905,14.0,27.0,13.0,0.422886,D,0,0,0.07843166666666666
19609128,320838,Jae-sung Lee,18567,0.6525040006936205,6.0,15.0,9.0,0.537408,C,0,0,0.17283966666666664
19609128,1525399,Johan Vásquez,18576,0.4739004886813637,20.0,28.0,8.0,0.399719,D,0,0,0.076923
19609128,254052,Edson Álvarez,18576,0.4959520352118936,16.0,24.0,8.0,0.339067,D,0,0,0.10505033333333334
19609128,9967153,Kang-in Lee,18567,0.536176694969013,11.0,18.0,7.0,0.365873,D,0,0,0.1435296
19609130,37261099,Marvin Keller,18708,0.22731669171362423,19.0,,80.0,0.279747,D,0,0,
19609130,198051,Denis Zakaria,18708,0.6132006395419476,2.0,13.0,11.0,0.739399,C,0,0,0.20095666666666667
19609130,198062,Manuel Akanji,18708,0.49572276704814316,7.0,15.0,8.0,0.516608,C,0,0,0.153846
19609130,31653,Ricardo Rodríguez,18708,0.48064483346158915,8.0,16.0,8.0,0.463135,C,0,0,0.14700833333333332
19609130,198220,Michel Aebischer,18708,0.5076492292633824,4.0,11.0,7.0,0.393002,C,0,0,0.22063133333333332
19609130,1887,Granit Xhaka,18708,0.5345242262245351,3.0,8.0,5.0,0.626627,C,0,0,0.27936500000000003
19609131,97811,Gabriel,18704,0.4749339852364801,16.0,,83.0,0.337371,D,0,0,
19609131,159142,Ederson,18704,0.22731669171362423,27.0,,72.0,0.239681,D,0,0,
19609131,37537937,Chadi Riad,18551,0.5008952089356222,12.0,24.0,12.0,0.257519,D,0,0,0.04324033333333333
19609131,28716,Noussair Mazraoui,18551,0.4754214753109443,15.0,25.0,10.0,0.367351,D,0,0,0.04151433333333334
19609131,187260,Achraf Hakimi,18551,0.6621134191984159,6.0,16.0,10.0,0.55559,C,0,0,0.09569366666666668
19609131,96208,Marquinhos,18704,0.5244274835855973,11.0,20.0,9.0,0.407453,D,0,0,0.07309933333333334
19609131,21803060,Neil El Aynaoui,18551,0.5996562544002039,9.0,17.0,8.0,0.518196,C,0,0,0.09393933333333333
19609131,37559109,Bilal El Khannouss,18551,0.7403506391259036,5.0,13.0,8.0,0.566012,C,0,0,0.113519
19609131,37717176,Ayyoub Bouaddi,18551,0.4860412455192092,14.0,21.0,7.0,0.360781,D,0,0,0.07089000000000001
19609131,37540780,Zakaria El Ouahdi,18551,0.5731287119761534,10.0,15.0,5.0,0.584158,C,0,0,0.09803933333333333
19609131,159700,Casimiro,18704,0.7988584187175429,4.0,9.0,5.0,0.721252,C,0,0,0.153846
19609134,37361402,Alessandro Circati,18730,0.4739004886813637,12.0,29.0,17.0,0.355309,D,0,0,0.050961
19609134,37611899,Paul Okon-Engstler,18730,0.5792060580580215,5.0,22.0,17.0,0.464126,C,0,0,0.086247
19609134,5922,Cameron Burgess,18730,0.4739004886813637,16.0,28.0,12.0,0.359038,D,0,0,0.057265333333333335
19609134,37623379,Alex Freeman,18571,0.5792060580580215,6.0,16.0,10.0,0.482117,C,1,1,0.11666666666666665
19609134,6006074,Jacob Italiano,18730,0.4739004886813637,14.0,24.0,10.0,0.370664,D,0,0,0.076923
19609134,28543793,Jordan Bos,18730,0.522541367232818,8.0,17.0,9.0,0.393257,C,0,0,0.11328966666666666
19609134,18218609,Chris Richards,18571,0.4821544193462742,11.0,20.0,9.0,0.354182,D,0,0,0.09393933333333333
19609134,173121,Harry Souttar,18730,0.4951436119808418,10.0,19.0,9.0,0.398367,D,0,0,0.09569366666666668
19609134,4666,Aiden O'Neill,18730,0.4739004886813637,15.0,23.0,8.0,0.376178,D,0,0,0.086247
19609134,2454,Tim Ream,18571,0.4734679861722465,19.0,26.0,7.0,0.366936,D,0,0,0.07089000000000001
19609134,5640878,Sergiño Dest,18571,0.5392532680191926,7.0,12.0,5.0,0.475622,C,0,0,0.17171733333333336
19609135,31146,Oliver Baumann,18660,0.2320972477651015,43.0,,56.0,0.216888,D,0,0,
19609135,32550,Alexander Nübel,18660,0.2320972477651015,45.0,,54.0,0.216888,D,0,0,
19609135,96798,Alban Lafont,18560,0.2320972477651015,46.0,,53.0,0.216888,D,0,0,
19609135,31640130,Wilfried Singo,18560,0.5853723997037102,11.0,43.0,32.0,0.390506,D,0,0,0.05370866666666666
19609135,28931733,Odilon Kossounou,18560,0.4941408618985435,18.0,44.0,26.0,0.292559,D,0,0,0.049764
19609135,161197,Ghislain Konan,18560,0.4739004886813637,21.0,42.0,21.0,0.37633,D,0,0,0.05396833333333334
19609135,37261923,Emmanuel Agbadou,18560,0.4739004886813637,19.0,38.0,19.0,0.382081,D,0,0,0.064857
19609135,3862352,Nico Schlotterbeck,18660,0.6188738529127312,7.0,26.0,19.0,0.49666,C,0,0,0.122549
19609135,31836,Jonathan Tah,18660,0.5332691282256902,14.0,33.0,19.0,0.425425,D,0,0,0.10000000000000002
19609135,37582044,Aleksandar Pavlovic,18660,0.5714769088776134,12.0,29.0,17.0,0.522253,C,0,0,0.11428566666666667
19609135,37761103,Christ Inao Oulaï,18560,0.5076492292633824,15.0,30.0,15.0,0.26941,D,0,0,0.10886066666666668
19609135,37538035,Nathaniel Brown,18660,0.602615892184432,10.0,24.0,14.0,0.52698,D,0,0,0.14700833333333332
19609135,97319,Christopher Operi,18560,0.40171448983180114,25.0,37.0,12.0,0.437508,C,0,0,0.07340400000000001
19609135,99534,Evan Ndicka,18560,0.32235904895136597,28.0,40.0,12.0,0.253968,D,0,0,0.05882400000000001
19609135,32362,Joshua Kimmich,18660,0.6036606682809509,9.0,20.0,11.0,0.563353,C,0,0,0.166667
19609135,96943,Ibrahim Sangaré,18560,0.5017972991816323,16.0,27.0,11.0,0.301541,D,0,0,0.11752133333333332
19609135,37316600,Guela Doué,18560,0.2866990681584535,31.0,41.0,10.0,0.345544,D,0,0,0.057387
19609135,6306127,Felix Nmecha,18660,0.6955568717570657,5.0,14.0,9.0,0.590199,C,0,0,0.19943
19609135,37317015,Amad Diallo,18560,0.7636098386688152,3.0,11.0,8.0,0.536566,C,0,0,0.22887100000000002
19609135,37618570,Ousmane Diomande,18560,0.27646056730055735,34.0,39.0,5.0,0.236475,D,0,0,0.05882400000000001
19609138,34737,Mark Flekken,18694,0.22731669171362423,32.0,,67.0,0.239628,D,0,0,
19609138,20673452,Tsuyoshi Watanabe,18597,0.6995341490834043,5.0,28.0,23.0,0.477671,C,0,0,0.071484
19609138,37296248,Micky van de Ven,18694,0.593803812128671,10.0,24.0,14.0,0.483452,D,0,0,0.090909
19609138,465580,Hiroki Ito,18597,0.5076492292633824,17.0,31.0,14.0,0.239258,D,0,0,0.05436766666666667
19609138,26027,Denzel Dumfries,18694,0.797349689788555,2.0,16.0,14.0,0.66412,C,0,0,0.14017066666666667
19609138,31238688,Kaishu Sano,18597,0.5871093670984546,12.0,25.0,13.0,0.467698,D,0,0,0.08727266666666667
19609138,5270462,Ryan Gravenberch,18694,0.5984445703690187,9.0,21.0,12.0,0.487346,D,0,0,0.10185166666666667
19609138,1743,Virgil van Dijk,18694,0.670760814166983,6.0,18.0,12.0,0.556162,C,1,1,0.120098
19609138,310131,Daichi Kamada,18597,0.6587019246215361,7.0,19.0,12.0,0.545316,C,1,0,0.11446733333333332
19609138,26536,Frenkie de Jong,18694,0.5105806880814618,16.0,22.0,6.0,0.370848,D,0,0,0.10185166666666667
19609139,37590621,Mike Penders,18743,0.22731669171362423,24.0,,75.0,0.247732,D,0,0,
19609139,37459056,Nathan Ngoy,18743,0.5892214289062465,5.0,22.0,17.0,0.416611,C,0,0,0.09259266666666667
19609139,61848,Brandon Mechele,18743,0.5454593130205674,8.0,21.0,13.0,0.472756,C,0,0,0.097643
19609139,62342,Youri Tielemans,18743,0.7481887978180894,3.0,12.0,9.0,0.628917,C,0,0,0.1886306666666667
19609139,22878573,Amadou Onana,18743,0.5074667247584402,11.0,19.0,8.0,0.400093,D,0,0,0.101787
19609139,4125,Mohamed Salah,18546,0.8140718193402746,1.0,8.0,7.0,0.731756,C,0,0,0.27527533333333337
19609139,61517,Thomas Meunier,18743,0.5211510730473379,10.0,16.0,6.0,0.422642,D,0,0,0.11908566666666669
19609139,294000,Omar Marmoush,18546,0.5603312207852653,6.0,11.0,5.0,0.406344,C,0,0,0.21281433333333333
19609142,16475841,Joan García,18710,0.2320972477651015,37.0,,62.0,0.209987,D,0,0,
19609142,3130,David Raya,18710,0.2320972477651015,38.0,,61.0,0.209987,D,0,0,
19609142,24445509,Saud Abdulhamid,18562,0.5576625697562803,6.0,34.0,28.0,0.262753,C,0,0,0.041113333333333335
19609142,304104,Ali bin Mohammed bin Ali Lajami,18562,0.5076492292633824,10.0,37.0,27.0,0.208542,D,0,0,0.029131666666666667
19609142,4591900,Abdulelah Al-Amri,18562,0.7037019433264434,3.0,28.0,25.0,0.565539,C,0,0,0.05643733333333334
19609142,9274009,Hassan Tambakti,18562,0.4739004886813637,15.0,36.0,21.0,0.346415,D,0,0,0.03151266666666667
19609142,1548527,Nasser Al-Dawsari,18562,0.5076492292633824,9.0,30.0,21.0,0.217482,D,0,0,0.051354000000000004
19609142,37447182,Moteb Al-Harbi,18562,0.4739004886813637,16.0,32.0,16.0,0.351784,D,0,0,0.04485833333333333
19609142,305729,Abdullah Al-Khaibari,18562,0.4739004886813637,19.0,33.0,14.0,0.350986,D,0,0,0.04287433333333334
19609142,186299,Aymeric Laporte,18710,0.5158357137857881,7.0,20.0,13.0,0.326935,C,0,0,0.14153433333333335
19609142,8456257,Pedro Porro,18710,0.6515768820194526,4.0,16.0,12.0,0.502811,C,0,0,0.16575600000000001
19609142,37656790,Pau Cubarsí,18710,0.5011048256758758,13.0,23.0,10.0,0.405109,D,0,0,0.11680900000000001
19609142,37562153,Musab Al-Juwayr,18562,0.4739004886813637,17.0,26.0,9.0,0.370145,D,0,0,0.09049766666666666
19609142,448448,Marc Cucurella,18710,0.5023317624879244,12.0,19.0,7.0,0.382504,D,0,0,0.14353333333333332
19609142,37288420,Nawaf Boushal,18562,0.25191350988460653,30.0,35.0,5.0,0.111146,D,0,0,0.033497
19609143,99157,Yehvann Diouf,18558,0.2320972477651015,35.0,,64.0,0.204154,D,0,0,
19609143,98874,Moussa Niakhaté,18558,0.6113401562266576,8.0,35.0,27.0,0.495,C,0,0,0.05023966666666666
19609143,337394,Jules Koundé,18647,0.6054481400525521,9.0,29.0,20.0,0.480138,D,0,0,0.083333
19609143,37685630,El Hadji Malick Diouf,18558,0.551844282779708,14.0,31.0,17.0,0.38019,D,0,0,0.07407433333333334
19609143,33685,Dayot Upamecano,18647,0.6203720602545433,7.0,23.0,16.0,0.418469,C,0,0,0.08807566666666666
19609143,430403,Krépin Diatta,18558,0.5443118752085883,15.0,26.0,11.0,0.38994,D,0,0,0.083333
19609143,153244,Abdoulaye Seck,18558,0.33158971538238213,23.0,32.0,9.0,0.391692,D,0,0,0.05889766666666666
19609143,96722,Ismaïla Sarr,18558,0.8674963439189607,4.0,12.0,8.0,0.646236,C,0,0,0.16208766666666666
19609143,5270371,Aurélien Tchouaméni,18647,0.5868472362517646,10.0,16.0,6.0,0.471016,D,0,0,0.13445366666666667
19609143,433169,Pape Gueye,18558,0.5718945051825141,12.0,18.0,6.0,0.430724,D,0,0,0.117647
19609143,100556,Ibrahima Konaté,18647,0.30886854870066505,24.0,30.0,6.0,0.310935,D,0,0,0.07638866666666667
19609143,37642676,Lamine Camara,18558,0.5084622442822989,17.0,22.0,5.0,0.396736,D,0,0,0.09064299999999999
19609145,333616,Juan Musso,18644,0.23694751053509905,31.0,,68.0,0.193323,D,0,0,
19609145,186418,Gerónimo Rulli,18644,0.22731669171362423,34.0,,65.0,0.249124,D,0,0,
19609145,13590962,Rayan Aït-Nouri,18620,0.5439025769491056,9.0,30.0,21.0,0.387161,D,0,0,0.06198866666666667
19609145,62502,Ramy Bensebaini,18620,0.5947169088199333,8.0,29.0,21.0,0.440237,C,0,0,0.06286566666666667
19609145,37536482,Farès Chaïbi,18620,0.7088728970501399,5.0,19.0,14.0,0.564189,C,0,0,0.10000000000000002
19609145,937,Nabil Bentaleb,18620,0.532022055152551,12.0,26.0,14.0,0.38109,D,0,0,0.08461533333333333
19609145,2206665,Lisandro Martínez,18644,0.5245831408303998,14.0,27.0,13.0,0.406508,D,0,0,0.08021400000000001
19609145,95635,Aïssa Mandi,18620,0.491025160418428,19.0,32.0,13.0,0.361772,D,0,0,0.050961
19609145,333731,Cristian Romero,18644,0.5973380999001858,7.0,18.0,11.0,0.535384,C,0,0,0.10175433333333334
19609145,37579972,Anis Hadj Moussa,18620,0.8026424554402324,1.0,11.0,10.0,0.700302,C,0,0,0.166667
19609145,216612,Alexis Mac Allister,18644,0.7748445586662276,2.0,10.0,8.0,0.757593,C,0,0,0.188889
19609145,29709995,Enzo Fernández,18644,0.7724827102097647,3.0,8.0,5.0,0.682277,C,0,0,0.208754
19609145,10310744,Hicham Boudaoui,18620,0.5058047750098325,18.0,23.0,5.0,0.331727,D,0,0,0.08838366666666668
19609146,333616,Juan Musso,18644,0.24186720686177257,36.0,,63.0,0.165715,D,0,0,
19609146,6642434,Florian Wiegele,18643,0.2320972477651015,39.0,,60.0,0.221445,D,0,0,
19609146,186418,Gerónimo Rulli,18644,0.2320972477651015,41.0,,58.0,0.221445,D,0,0,
19609146,52873,Patrick Pentz,18643,0.2320972477651015,42.0,,57.0,0.221445,D,0,0,
19609146,33770,Stefan Posch,18643,0.6215153590599104,8.0,38.0,30.0,0.523752,C,0,0,0.069276
19609146,52867,Xaver Schlager,18643,0.5792060580580215,10.0,32.0,22.0,0.510286,C,0,0,0.087318
19609146,2206665,Lisandro Martínez,18644,0.5245096867468427,13.0,34.0,21.0,0.444022,D,0,0,0.08228966666666666
19609146,33079,Kevin Danso,18643,0.4890148097138529,20.0,40.0,20.0,0.329962,D,0,0,0.05659333333333333
19609146,31237395,Nicolas Seiwald,18643,0.5146137903399054,16.0,35.0,19.0,0.400196,D,0,0,0.08091166666666667
19609146,333731,Cristian Romero,18644,0.611772162003147,9.0,28.0,19.0,0.564553,C,0,0,0.10565100000000001
19609146,31288,David Alaba,18643,0.5004615058311913,19.0,37.0,18.0,0.283945,D,0,0,0.07597333333333334
19609146,455900,Nahuel Molina,18644,0.5162856649324677,15.0,30.0,15.0,0.346017,D,0,0,0.10508166666666667
19609146,32378,Florian Grillitsch,18643,0.40730868926883534,23.0,36.0,13.0,0.434962,C,0,0,0.08091166666666667
19609146,186848,Philipp Lienhart,18643,0.2735551643976513,29.0,41.0,12.0,0.295789,D,0,0,0.05659333333333333
19609146,459660,Romano Schmid,18643,0.6852893089388997,5.0,16.0,11.0,0.635349,C,0,0,0.16003533333333333
19609146,216612,Alexis Mac Allister,18644,0.7320645178897516,4.0,12.0,8.0,0.614263,C,0,0,0.19622633333333336
19609146,335521,Facundo Medina,18644,0.4739004886813637,22.0,29.0,7.0,0.405824,D,0,0,0.10508166666666667
19609146,29709995,Enzo Fernández,18644,0.7466241218245104,3.0,10.0,7.0,0.704339,C,0,0,0.21617533333333336
19609146,37582045,Paul Wanner,18643,0.5240073232802702,14.0,20.0,6.0,0.41611,D,0,0,0.14475800000000003
19609146,52585,Konrad Laimer,18643,0.48064104351075093,21.0,26.0,5.0,0.381564,D,0,0,0.111111
19609148,159382,Rui Silva,18701,0.2320972477651015,34.0,,65.0,0.209268,D,0,0,
19609148,330632,Utkir Yusupov,18745,0.22731669171362423,37.0,,62.0,0.237429,D,0,0,
19609148,37623459,Abdukodir Khusanov,18745,0.47486204984951197,14.0,34.0,20.0,0.347344,D,0,0,0.037546
19609148,21437431,Sherzod Nasrullaev,18745,0.4739004886813637,15.0,32.0,17.0,0.354181,D,0,0,0.05594433333333334
19609148,37509454,Abbosbek Fayzullaev,18745,0.5923012907346946,5.0,21.0,16.0,0.353874,C,0,0,0.132353
19609148,330673,Rustam Ashurmatov,18745,0.4739004886813637,19.0,35.0,16.0,0.345775,D,0,0,0.034483
19609148,37740949,Abdulla Abdullaev,18745,0.4739004886813637,16.0,29.0,13.0,0.356633,D,0,0,0.062204666666666665
19609148,37693474,Bekhruz Karimov,18745,0.4739004886813637,18.0,31.0,13.0,0.355309,D,0,0,0.05882400000000001
19609148,37593154,Renato Veiga,18701,0.5708400112888934,7.0,19.0,12.0,0.454536,C,0,0,0.137973
19609148,162536,Rúben Dias,18701,0.4875821092377104,13.0,22.0,9.0,0.328304,D,0,0,0.12962966666666667
19609148,164061,Diogo Dalot,18701,0.49562404316156755,11.0,20.0,9.0,0.475816,C,0,0,0.137973
19609148,37592729,João Neves,18701,0.6228745420462677,3.0,11.0,8.0,0.538078,C,0,0,0.22564933333333334
19609148,330674,Otabek Shukurov,18745,0.4739004886813637,20.0,27.0,7.0,0.365745,D,0,0,0.08547
19609148,37262099,Nuno Mendes,18701,0.4739004886813637,17.0,23.0,6.0,0.379023,D,1,0,0.11936933333333333
19609148,37622188,Jakhongir Urozov,18745,0.25191350988460653,27.0,33.0,6.0,0.112951,D,0,0,0.041006666666666663
19609149,540162,Dominik Kotarski,18588,0.22731669171362423,40.0,,59.0,0.23405,D,0,0,
19609149,12647,Dean Henderson,18645,0.22731669171362423,41.0,,58.0,0.23405,D,0,0,
19609149,3862426,Josip Stanisic,18588,0.629670178484069,9.0,38.0,29.0,0.442916,D,0,0,0.04151433333333334
19609149,24838191,Josko Gvardiol,18588,0.5729529827670056,15.0,33.0,18.0,0.40587,D,0,0,0.07350433333333334
19609149,73603,Mario Pašalić,18588,0.7336733760884964,3.0,21.0,18.0,0.5137,C,0,0,0.109439
19609149,133712,Martin Erlić,18588,0.5281724088217264,18.0,35.0,17.0,0.4902,C,0,0,0.055089
19609149,37562487,Nico O'Reilly,18645,0.6946252257497878,5.0,20.0,15.0,0.563964,C,0,0,0.117647
19609149,7124,Ezri Konsa,18645,0.5785725186880526,14.0,29.0,15.0,0.464748,D,0,0,0.086247
19609149,540711,Josip Sutalo,18588,0.4832693815642848,23.0,36.0,13.0,0.328291,D,0,0,0.04958066666666666
19609149,581220,Reece James,18645,0.5836072547061305,12.0,24.0,12.0,0.46783,D,0,0,0.10000000000000002
19609149,31002,Ivan Perišić,18588,0.7110166270258167,4.0,15.0,11.0,0.605255,C,0,0,0.15615633333333334
19609149,37683059,Petar Sučić,18588,0.540768680157332,16.0,25.0,9.0,0.371215,D,0,0,0.097643
19609149,36681,Marin Pongracic,18588,0.31910902989383416,31.0,39.0,8.0,0.248012,D,0,0,0.03580933333333333
19609149,37550680,Martin Baturina,18588,0.6493315430937999,7.0,14.0,7.0,0.516668,C,1,1,0.158249
19609149,982,John Stones,18645,0.4902187726964019,21.0,28.0,7.0,0.317952,D,0,0,0.086247
19609149,37543226,Toni Fruk,18588,0.6915665815715626,6.0,12.0,6.0,0.596973,C,0,0,0.18294033333333334
19609151,540162,Dominik Kotarski,18588,0.2320972477651015,35.0,,64.0,0.229945,D,0,0,
19609151,512975,César Blackman,18717,0.6004769404686351,6.0,32.0,26.0,0.512129,C,0,0,0.069276
19609151,3862426,Josip Stanisic,18588,0.5916188554706292,7.0,28.0,21.0,0.51051,C,0,0,0.09401700000000002
19609151,36681,Marin Pongracic,18588,0.5360299378703735,10.0,29.0,19.0,0.422025,D,0,0,0.07863266666666667
19609151,513103,Andrés Andrade,18717,0.4739004886813637,17.0,34.0,17.0,0.403492,D,0,0,0.05049066666666666
19609151,133712,Martin Erlić,18588,0.5646634037821141,8.0,25.0,17.0,0.634461,C,0,0,0.11011
19609151,513105,Jiovany Ramos,18717,0.4739004886813637,18.0,33.0,15.0,0.410602,D,0,0,0.06286566666666667
19609151,24837496,José Córdoba,18717,0.4739004886813637,20.0,35.0,15.0,0.4009,D,0,0,0.045977333333333335
19609151,73147,Mateo Kovacic,18588,0.6283425111529753,4.0,16.0,12.0,0.452338,C,0,0,0.16239333333333336
19609151,540711,Josip Sutalo,18588,0.489586064045913,16.0,27.0,11.0,0.416021,D,0,0,0.094794
19609151,24838191,Josko Gvardiol,18588,0.5370810929815193,9.0,20.0,11.0,0.476631,D,0,0,0.14017066666666667
19609151,512560,Amir Murillo,18717,0.5073483267327474,13.0,24.0,11.0,0.477411,D,0,0,0.117647
19609151,262495,Cristian Martínez,18717,0.4739004886813637,21.0,30.0,9.0,0.418677,D,0,0,0.076923
19609151,512926,José Luis Rodríguez,18717,0.4907643361729781,15.0,22.0,7.0,0.379284,D,0,0,0.125
19609151,31002,Ivan Perišić,18588,0.7352875604927438,2.0,8.0,6.0,0.791549,C,0,0,0.2972223333333333
19609151,37550680,Martin Baturina,18588,0.7388624635184592,1.0,6.0,5.0,0.756456,C,0,0,0.3110213333333333
19609152,37590621,Mike Penders,18743,0.2320972477651015,32.0,,67.0,0.225648,D,0,0,
19609152,296300,Ramin Rezaeian,18652,0.7689150986921695,1.0,27.0,26.0,0.659287,C,0,0,0.09401700000000002
19609152,61848,Brandon Mechele,18743,0.5970229031212041,5.0,23.0,18.0,0.548826,C,0,0,0.11568633333333334
19609152,35322,Ehsan Hajsafi,18652,0.5072156211935148,13.0,30.0,17.0,0.258853,D,0,0,0.058076666666666665
19609152,3533201,Ali Nemati,18652,0.4739004886813637,16.0,31.0,15.0,0.387146,D,0,0,0.044494
19609152,296612,Shoja Khalilzadeh,18652,0.4739004886813637,17.0,32.0,15.0,0.387146,D,0,0,0.044494
19609152,170468,Saeed Ezatolahi,18652,0.49557727854085554,15.0,29.0,14.0,0.422062,D,0,0,0.06743333333333333
19609152,37459056,Nathan Ngoy,18743,0.5359267275659214,12.0,25.0,13.0,0.412528,D,0,0,0.10085466666666666
19609152,37261879,Mohammad Mohebi,18652,0.6852893089388997,3.0,13.0,10.0,0.620244,C,0,0,0.17502766666666666
19609152,191286,Saman Ghoddos,18652,0.4739004886813637,18.0,28.0,10.0,0.409305,D,0,0,0.09049766666666666
19609152,23269659,Maxim De Cuyper,18743,0.5905288773367394,6.0,15.0,9.0,0.499906,C,0,0,0.16692266666666666
19609152,297354,Mehdi Taremi,18652,0.7184947086941771,2.0,10.0,8.0,0.650997,C,0,0,0.19769133333333336
19609152,2158212,Nicolas Raskin,18743,0.5437047011118074,11.0,18.0,7.0,0.472639,D,0,0,0.14015966666666665
19609152,61517,Thomas Meunier,18743,0.5065201961384056,14.0,19.0,5.0,0.435116,D,0,0,0.13835133333333335
19609152,62342,Youri Tielemans,18743,0.6403757932252244,4.0,9.0,5.0,0.586454,C,0,0,0.22105266666666668
19609153,4569,Jindrich Stanek,18718,0.2320972477651015,31.0,,68.0,0.223842,D,0,0,
19609153,24816824,Lukas Hornicek,18718,0.22731669171362423,32.0,,67.0,0.251703,D,0,0,
19609153,37342718,Han-beom Lee,18567,0.5512286775099607,9.0,30.0,21.0,0.375822,D,0,0,0.05676
19609153,24469159,Robin Hranac,18718,0.5940246731347983,8.0,29.0,21.0,0.373502,C,0,0,0.05882400000000001
19609153,37594544,Stepan Chaloupek,18718,0.6072701804291172,7.0,23.0,16.0,0.540005,C,0,0,0.08148166666666667
19609153,322964,Min-jae Kim,18567,0.5009078610267547,14.0,27.0,13.0,0.302198,D,0,0,0.066667
19609153,37656175,Alexandr Sojka,18718,0.5076492292633824,12.0,20.0,8.0,0.296152,D,0,0,0.09569366666666668
19609153,79540,Jaroslav Zelený,18718,0.48064104351075093,18.0,26.0,8.0,0.385597,D,0,0,0.07008566666666667
19609153,80902,Ladislav Krejci,18718,0.5348805680055639,11.0,19.0,8.0,0.504058,D,1,1,0.11574066666666667
19609153,24469162,Pavel Sulc,18718,0.7093999287770598,3.0,10.0,7.0,0.669377,C,0,0,0.20000000000000004
19609153,37420363,Young-woo Seol,18567,0.4973246292592048,15.0,22.0,7.0,0.444653,D,0,0,0.08611133333333333
19609154,1193792,Martin Zlomislic,18625,0.22731669171362423,31.0,,68.0,0.250184,D,0,0,
19609154,586846,Derek Cornelius,18572,0.6453388293552506,5.0,24.0,19.0,0.514927,C,0,0,0.08282833333333334
19609154,37336960,Ivan Basic,18625,0.6899499100454726,3.0,20.0,17.0,0.621093,C,0,0,0.10350866666666665
19609154,22493645,Amar Dedić,18625,0.5255424147135868,9.0,25.0,16.0,0.445865,D,0,0,0.08119633333333333
19609154,31661,Sead Kolasinac,18625,0.49855807847883565,15.0,29.0,14.0,0.337923,D,0,0,0.05370866666666666
19609154,35659846,Alistair Johnston,18572,0.5225085212291992,11.0,22.0,11.0,0.455301,D,0,0,0.090909
19609154,32819178,Armin Gigovic,18625,0.550651078441184,8.0,18.0,10.0,0.537518,C,0,0,0.118421
19609154,37589396,Arjan Malic,18625,0.2838271372401665,23.0,31.0,8.0,0.270089,D,0,0,0.047619
19609154,37576529,Amar Memic,18625,0.5247069704439892,10.0,17.0,7.0,0.467949,D,0,0,0.12169300000000001
19609154,47589,Stjepan Radeljic,18625,0.3203423308213741,21.0,28.0,7.0,0.382795,C,0,0,0.055089
19609155,35,Craig Gordon,18706,0.22731669171362423,13.0,,86.0,0.247451,D,0,0,
19609156,37598725,Kenan Yıldız,18716,0.41031224407152617,12.0,,87.0,0.365296,D,0,0,
19609156,200715,Mert Günok,18716,0.2283970827713699,23.0,,76.0,0.241367,D,0,0,
19609156,450031,Zeki Çelik,18716,0.5507060046805806,7.0,20.0,13.0,0.473654,C,0,0,0.08838366666666668
19609156,22528506,İsmail Yüksek,18716,0.6410214444487953,3.0,11.0,8.0,0.537736,C,0,0,0.125541
19609156,201370,Abdülkerim Bardakcı,18716,0.4964135306420013,9.0,16.0,7.0,0.428471,D,0,0,0.09696966666666668
19609156,28543793,Jordan Bos,18730,0.5227023294706918,8.0,13.0,5.0,0.390626,C,0,0,0.10916166666666667
19609157,96798,Alban Lafont,18560,0.22731669171362423,27.0,,72.0,0.266862,D,0,0,
19609157,37618415,Joel Ordóñez,18573,0.5565642549921477,5.0,24.0,19.0,0.511072,C,0,0,0.054135666666666665
19609157,31640130,Wilfried Singo,18560,0.6309137794846648,3.0,21.0,18.0,0.459633,C,0,0,0.05893733333333334
19609157,37261496,Piero Hincapié,18573,0.4831656227026421,9.0,25.0,16.0,0.424656,D,0,0,0.054135666666666665
19609157,12393419,Willian Pacho,18573,0.4751182455269317,10.0,26.0,16.0,0.445785,D,0,0,0.04958066666666666
19609157,37316600,Guela Doué,18560,0.5451717466909165,6.0,20.0,14.0,0.530749,C,0,0,0.060729
19609157,37261500,Moisés Caicedo,18573,0.655596270319298,2.0,15.0,13.0,0.684021,C,0,0,0.10370366666666668
19609157,96656,Nicolas Pépé,18560,0.680809953431997,1.0,10.0,9.0,0.792408,C,0,0,0.15330533333333332
19609157,99534,Evan Ndicka,18560,0.35415290250508935,14.0,22.0,8.0,0.347596,D,0,0,0.054696
19609157,97319,Christopher Operi,18560,0.39827538168874205,12.0,17.0,5.0,0.576917,C,0,0,0.07545233333333333
19609157,6301,Seko Fofana,18560,0.49557727854085554,8.0,13.0,5.0,0.531918,C,0,0,0.111111
19609158,32550,Alexander Nübel,18660,0.2320972477651015,25.0,,74.0,0.226807,D,0,0,
19609158,31146,Oliver Baumann,18660,0.22731669171362423,27.0,,72.0,0.254607,D,0,0,
19609158,29444,Armando Obispo,18910,0.5461769195388366,9.0,25.0,16.0,0.336851,D,0,0,0.02627466666666667
19609158,37582044,Aleksandar Pavlovic,18660,0.6173778011044593,6.0,17.0,11.0,0.562625,C,0,0,0.216979
19609158,31836,Jonathan Tah,18660,0.5332691282256902,11.0,21.0,10.0,0.456601,D,0,0,0.166667
19609158,6306127,Felix Nmecha,18660,0.6560556518894005,5.0,12.0,7.0,0.57749,C,1,1,0.30555533333333335
19609158,3862352,Nico Schlotterbeck,18660,0.5165119117588595,12.0,18.0,6.0,0.451355,D,1,0,0.20095666666666667
19609158,21762216,Malick Thiaw,18660,0.3100890200549609,16.0,22.0,6.0,0.381786,D,0,0,0.16239333333333336
19609158,4640,Kenji Gorré,18910,0.2832712912774182,18.0,24.0,6.0,0.178541,D,0,0,0.07777766666666668
19609158,32362,Joshua Kimmich,18660,0.5878993105275462,8.0,14.0,6.0,0.575303,C,0,0,0.272707
19609159,35709049,Mohamed Belhadj Mahmoud,18554,0.2862187297754753,16.0,,83.0,0.209323,D,0,0,
19609159,160206,Victor Lindelöf,18564,0.49370722204046597,7.0,20.0,13.0,0.300639,C,0,0,0.07142833333333333
19609159,21414391,Omar Rekik,18554,0.4739004886813637,10.0,22.0,12.0,0.375392,D,1,0,0.05882400000000001
19609159,96364,Ellyes Skhiri,18554,0.5150272522590947,5.0,17.0,12.0,0.365413,C,0,0,0.07905966666666668
19609159,689021,Isak Hien,18564,0.48971762267310864,8.0,19.0,11.0,0.360062,C,0,0,0.07142833333333333
19609159,305358,Ali Abdi,18554,0.5500937554897493,4.0,13.0,9.0,0.523565,C,0,0,0.12777766666666668
19609159,193196,Gabriel Gudmundsson,18564,0.5126537726410437,6.0,15.0,9.0,0.293989,C,0,0,0.090909
19609159,3533334,Gustaf Lagerbielke,18564,0.4769296497482285,9.0,16.0,7.0,0.389465,D,0,0,0.08119633333333333
19609161,24445509,Saud Abdulhamid,18562,0.5643165789025928,6.0,11.0,5.0,0.301721,C,0,0,0.05396833333333334
19609162,16475841,Joan García,18710,0.22731669171362423,30.0,,69.0,0.237692,D,0,0,
19609162,3130,David Raya,18710,0.22731669171362423,32.0,,67.0,0.237692,D,0,0,
19609162,120887,Roberto Lopes,18823,0.5051686896812311,10.0,30.0,20.0,0.367659,D,0,0,0.029412
19609162,37559583,Sidny Lopes Cabral,18823,0.5076492292633824,9.0,26.0,17.0,0.218898,D,0,0,0.06296333333333333
19609162,37656790,Pau Cubarsí,18710,0.5077148052016595,8.0,22.0,14.0,0.367755,C,0,0,0.113519
19609162,186795,Marcos Llorente,18710,0.5939900639717179,5.0,17.0,12.0,0.465814,C,0,0,0.171717
19609162,3188035,Willy Semedo,18823,0.485873986147961,14.0,25.0,11.0,0.433913,D,0,0,0.07863266666666667
19609162,28637,Laros Duarte,18823,0.4739004886813637,16.0,27.0,11.0,0.354404,D,0,0,0.05893733333333334
19609162,37288001,Pedri,18710,0.5421257090090759,6.0,12.0,6.0,0.47905,C,0,0,0.2553606666666667
19609162,186299,Aymeric Laporte,18710,0.49920655650717677,13.0,19.0,6.0,0.28884,D,0,0,0.16042766666666666
19609162,186735,Fabián Ruiz,18710,0.6366463295393512,4.0,10.0,6.0,0.511298,C,0,0,0.30277333333333334
19609162,448448,Marc Cucurella,18710,0.4809657239998428,15.0,20.0,5.0,0.359174,D,0,0,0.14642366666666667
19609163,151568,Fredrik Bjørkan,18578,0.25808993882662623,16.0,,83.0,0.26889,D,0,0,
19609163,24816996,Sander Tangvik,18578,0.22731669171362423,21.0,,78.0,0.23321,D,0,0,
19609163,37526506,Merchas Doski,18600,0.5399443808203054,7.0,19.0,12.0,0.38746,C,0,0,0.035165
19609163,33166012,David Møller Wolfe,18578,0.5826505203163328,3.0,13.0,10.0,0.452722,C,0,0,0.12222200000000001
19609163,37352773,Ahmed Qasem,18600,0.4302980082284045,12.0,17.0,5.0,0.438688,D,0,0,0.09259233333333333
19609163,538449,Torbjørn Heggem,18578,0.5014746732740529,10.0,15.0,5.0,0.254104,D,0,0,0.11666633333333333
19609163,151551,Fredrik Aursnes,18578,0.5631415107915336,6.0,11.0,5.0,0.469215,C,0,0,0.19163266666666667
19609163,151628,Julian Ryerson,18578,0.5177533194862804,9.0,14.0,5.0,0.339617,D,0,0,0.12222200000000001
19609164,6642434,Florian Wiegele,18643,0.22731669171362423,17.0,,82.0,0.269061,D,0,0,
19609164,52873,Patrick Pentz,18643,0.22731669171362423,18.0,,81.0,0.269061,D,0,0,
19609164,186848,Philipp Lienhart,18643,0.535533209032519,3.0,15.0,12.0,0.480546,C,0,0,0.09503533333333335
19609164,33770,Stefan Posch,18643,0.6682354854095431,1.0,11.0,10.0,0.640711,C,0,0,0.12347633333333334
19609164,31237395,Nicolas Seiwald,18643,0.5147730630831455,5.0,13.0,8.0,0.451422,C,0,0,0.12062533333333332
19609164,35141,Phillipp Mwene,18643,0.47601187691224445,8.0,14.0,6.0,0.455566,C,0,0,0.1068
19609165,26294,Davinson Sánchez,18720,0.6469422981692383,3.0,11.0,8.0,0.528714,C,0,0,0.11652666666666667
19609165,237695,Jhon Lucumí,18720,0.5390396672420832,6.0,12.0,6.0,0.43704,C,0,0,0.09135800000000001
19609166,25187246,Timothy Fayulu,18552,0.23694751053509905,29.0,,70.0,0.177979,D,0,0,
19609166,159382,Rui Silva,18701,0.22731669171362423,33.0,,66.0,0.234403,D,0,0,
19609166,1941,Arthur Masuaku,18552,0.5771184180592388,7.0,28.0,21.0,0.417145,C,0,0,0.05676300000000001
19609166,37429017,Steve Kapuadi,18552,0.508886632115299,13.0,31.0,18.0,0.342336,D,0,0,0.03580933333333333
19609166,37676891,Ngal'ayel Mukau,18552,0.5676615241751393,9.0,27.0,18.0,0.371906,D,0,0,0.05731033333333333
19609166,1377,Chancel Mbemba,18552,0.49661981931404087,14.0,29.0,15.0,0.295799,D,0,0,0.04958066666666666
19609166,96928,Yoane Wissa,18552,0.6390566410812415,3.0,13.0,10.0,0.488907,C,1,0,0.18787866666666667
19609166,37593154,Renato Veiga,18701,0.5688977274982585,8.0,17.0,9.0,0.443219,C,0,0,0.122549
19609166,95269,Cédric Bakambu,18552,0.6231276768655258,5.0,12.0,7.0,0.373197,C,0,0,0.18787866666666667
19609166,37592729,João Neves,18701,0.6341717569556813,4.0,10.0,6.0,0.532341,C,1,1,0.21442466666666668
19609166,4545430,Vitinha,18701,0.6057846659247501,6.0,11.0,5.0,0.468646,C,0,0,0.19393933333333335
19609166,37262099,Nuno Mendes,18701,0.47403928493813924,18.0,23.0,5.0,0.369385,D,0,0,0.10047833333333334
19609166,129602,Bruno Fernandes,18701,0.9426250647975751,1.0,6.0,5.0,0.887885,C,0,0,0.34259233333333333
19609167,15076349,Joseph Anang,18553,0.22731669171362423,15.0,,84.0,0.244588,D,0,0,
19609167,37633249,Jonas Adjetey,18553,0.5362853162890648,4.0,14.0,10.0,0.423535,C,0,0,0.06699366666666667
19609167,512975,César Blackman,18717,0.5689667384664484,2.0,11.0,9.0,0.468503,C,0,0,0.07222233333333333
19609168,24816824,Lukas Hornicek,18718,0.2320972477651015,32.0,,67.0,0.226899,D,0,0,
19609168,4569,Jindrich Stanek,18718,0.2320972477651015,33.0,,66.0,0.226899,D,0,0,
19609168,37910690,Mbekezeli Mbokazi,18555,0.5170484063860461,8.0,31.0,23.0,0.473494,C,0,0,0.059596333333333334
19609168,24469159,Robin Hranac,18718,0.5939699899946935,6.0,26.0,20.0,0.430808,C,0,0,0.08119633333333333
19609168,80304,Vladimír Coufal,18718,0.5792060580580215,7.0,27.0,20.0,0.548487,C,0,0,0.08119633333333333
19609168,30066,Michal Sadílek,18718,0.6689486154007164,3.0,21.0,18.0,0.673258,C,1,1,0.11546833333333334
19609168,37681890,Ime Okon,18555,0.4739004886813637,15.0,32.0,17.0,0.402427,D,0,0,0.05325133333333334
19609168,289096,Aubrey Modiba,18555,0.4978598221600957,13.0,29.0,16.0,0.447173,D,0,0,0.07343033333333333
19609168,79972,Tomas Holes,18718,0.5146326140526253,9.0,24.0,15.0,0.40528,D,0,0,0.097643
19609168,80902,Ladislav Krejci,18718,0.6347629168473139,4.0,19.0,15.0,0.624554,C,0,0,0.138889
19609168,37316349,Lukas Cerv,18718,0.5984941316094853,5.0,18.0,13.0,0.602236,C,0,0,0.16317
19609168,37392896,Thalente Mbatha,18555,0.5076492292633824,11.0,23.0,12.0,0.300756,D,0,0,0.10436333333333332
19609168,1504516,Khuliso Mudau,18555,0.4739004886813637,18.0,30.0,12.0,0.409262,D,0,0,0.06390733333333333
19609168,37528875,Jayden Adams,18555,0.4739004886813637,14.0,20.0,6.0,0.452474,D,0,0,0.131274
19609169,37261099,Marvin Keller,18708,0.2320972477651015,43.0,,56.0,0.232597,D,0,0,
19609169,1193792,Martin Zlomislic,18625,0.2320972477651015,44.0,,55.0,0.232597,D,0,0,
19609169,37529525,Tarik Muharemović,18625,0.5071403604734118,13.0,40.0,27.0,0.48481,D,0,0,0.05263199999999999
19609169,31661,Sead Kolasinac,18625,0.49660127002435156,14.0,41.0,27.0,0.395956,D,0,0,0.05263199999999999
19609169,22493645,Amar Dedić,18625,0.5249910276583653,11.0,36.0,25.0,0.475019,D,0,0,0.07008566666666667
19609169,37649990,Kerim Alajbegovic,18625,0.7214612963587635,1.0,20.0,19.0,0.598826,C,0,0,0.138889
19609169,74109,Nikola Katic,18625,0.4739004886813637,21.0,38.0,17.0,0.413805,D,0,0,0.060729
19609169,198062,Manuel Akanji,18708,0.5298029088612697,9.0,26.0,17.0,0.503862,D,0,0,0.097643
19609169,74124,Ivan Sunjic,18625,0.49154089358682673,16.0,31.0,15.0,0.419664,D,0,0,0.086247
19609169,37576529,Amar Memic,18625,0.5270836082697093,10.0,24.0,14.0,0.501277,D,0,0,0.10505033333333334
19609169,198220,Michel Aebischer,18708,0.5343300126111296,8.0,21.0,13.0,0.436911,C,0,0,0.13650766666666667
19609169,37336960,Ivan Basic,18625,0.4076826988532144,23.0,35.0,12.0,0.531912,C,0,0,0.077778
19609169,37514124,Benjamin Tahirović,18625,0.48259574749761724,18.0,30.0,12.0,0.404421,D,0,0,0.086247
19609169,129609,Silvan Widmer,18708,0.5507752908838974,7.0,19.0,12.0,0.437716,C,0,0,0.14423066666666667
19609169,46092,Ermedin Demirovic,18625,0.6027872749304991,5.0,16.0,11.0,0.540305,C,0,0,0.177778
19609169,47589,Stjepan Radeljic,18625,0.26010103187373873,31.0,42.0,11.0,0.298204,D,0,0,0.05263199999999999
19609169,32819178,Armin Gigovic,18625,0.4863374282564462,17.0,27.0,10.0,0.511828,D,0,0,0.09393933333333333
19609169,24817439,Fabian Rieder,18708,0.7195867307193242,2.0,12.0,10.0,0.647169,C,0,0,0.20000000000000004
19609169,37589396,Arjan Malic,18625,0.28935108897498263,27.0,37.0,10.0,0.264978,D,0,0,0.06198866666666667
19609169,32525,Nico Elvedi,18708,0.4744797848963108,19.0,29.0,10.0,0.43197,D,0,0,0.090909
19609169,31653,Ricardo Rodríguez,18708,0.4739004886813637,20.0,28.0,8.0,0.432345,D,0,0,0.09393933333333333
19609169,1358,Edin Džeko,18625,0.6875156301611383,4.0,10.0,6.0,0.642413,C,0,0,0.237298
19609170,301352,Boualem Khoukhi,18544,0.6849150447136484,3.0,27.0,24.0,0.604544,C,0,0,0.07008566666666667
19609170,37636090,Issa Laye,18544,0.48684087662017084,13.0,33.0,20.0,0.404739,D,0,0,0.04786366666666667
19609170,16488492,Homam Al-Amin,18544,0.5821596199727872,6.0,26.0,20.0,0.525362,C,0,0,0.090909
19609170,586846,Derek Cornelius,18572,0.6295794576038546,4.0,23.0,19.0,0.528616,C,0,0,0.10047833333333334
19609170,37646932,Ayoub Al-Oui,18544,0.4739004886813637,18.0,34.0,16.0,0.384621,D,0,0,0.04652933333333333
19609170,37389528,Jassem Gaber,18544,0.4739004886813637,17.0,31.0,14.0,0.387745,D,0,0,0.052632
19609170,62770,Edmílson Junior,18544,0.604761401015573,5.0,18.0,13.0,0.606567,C,0,0,0.13061825
19609170,35659846,Alistair Johnston,18572,0.5246531306595594,8.0,20.0,12.0,0.476819,C,0,0,0.1156346
19609170,54065,Assim Madibo,18544,0.4739004886813637,20.0,32.0,12.0,0.386183,D,0,0,0.04958066666666666
19609170,262290,Richie Laryea,18572,0.49654637894699477,11.0,19.0,8.0,0.452728,D,0,0,0.13055533333333333
19609170,301507,Pedro Miguel,18544,0.4739004886813637,22.0,29.0,7.0,0.392535,D,0,0,0.06198866666666667
19609170,32777402,Yusuf Abdurisag,18544,0.4739004886813637,16.0,21.0,5.0,0.412236,D,0,0,0.10047833333333334
19609170,37581727,Luc De Fougerolles,18572,0.4739004886813637,19.0,24.0,5.0,0.41044,D,0,0,0.09696966666666668
19609171,37602125,Ben Gannon-Doak,18706,0.24962642323498174,33.0,,66.0,0.275233,D,0,0,
19609171,35,Craig Gordon,18706,0.23532262139529736,36.0,,63.0,0.193535,D,0,0,
19609171,807,Grant Hanley,18706,0.5008952089356222,14.0,37.0,23.0,0.254579,D,0,0,0.03713566666666667
19609171,172960,Kieran Tierney,18706,0.5267923602538093,9.0,32.0,23.0,0.349646,D,0,0,0.047619
19609171,37260638,Nathan Patterson,18706,0.5076492292633824,11.0,33.0,22.0,0.231454,D,0,0,0.04324033333333333
19609171,1078,Andrew Robertson,18706,0.5035574226990993,13.0,31.0,18.0,0.262834,D,0,0,0.047619
19609171,172611,John McGinn,18706,0.8415502938165259,2.0,19.0,17.0,0.721178,C,0,0,0.12871866666666668
19609171,6612,Jack Hendry,18706,0.4739004886813637,20.0,34.0,14.0,0.366856,D,0,0,0.04151433333333334
19609171,455376,Scott McTominay,18706,0.8376451474501566,3.0,14.0,11.0,0.762582,C,0,0,0.16208766666666666
19609171,37537937,Chadi Riad,18551,0.4941408618985435,15.0,25.0,10.0,0.311879,D,0,0,0.080808
19609171,172581,John Souttar,18706,0.31462490997251846,25.0,35.0,10.0,0.303818,D,0,0,0.04151433333333334
19609171,172752,Ryan Christie,18706,0.5076492292633824,12.0,22.0,10.0,0.266834,D,0,0,0.09477100000000001
19609171,28716,Noussair Mazraoui,18551,0.4755526210008495,18.0,26.0,8.0,0.390174,D,0,0,0.07343033333333333
19609171,187260,Achraf Hakimi,18551,0.6007186549143251,7.0,15.0,8.0,0.543074,C,0,0,0.16003533333333333
19609171,37559109,Bilal El Khannouss,18551,0.754315342911331,4.0,11.0,7.0,0.68631,C,0,0,0.19065633333333332
19609171,96799,Issa Diop,18551,0.4739004886813637,21.0,28.0,7.0,0.382738,D,0,0,0.06464666666666667
19609171,173129,Anthony Ralston,18706,0.25209953342350133,29.0,36.0,7.0,0.128701,D,0,0,0.04151433333333334
19609171,6648042,Lewis Ferguson,18706,0.4846485361511736,17.0,23.0,6.0,0.406063,D,0,0,0.09239766666666667
19609171,3596,Ché Adams,18706,0.6367819724446556,6.0,12.0,6.0,0.668662,C,0,0,0.18787866666666667
19609171,21803060,Neil El Aynaoui,18551,0.5502572086182509,8.0,13.0,5.0,0.452362,C,0,0,0.165457
19609171,37717176,Ayyoub Bouaddi,18551,0.4860412455192092,16.0,21.0,5.0,0.38545,D,0,0,0.105263
19609172,97811,Gabriel,18704,0.4739004886813637,20.0,,79.0,0.339688,D,0,0,
19609172,37533413,Danilo,18704,0.3106448667736632,22.0,,77.0,0.21614,D,0,0,
19609172,159142,Ederson,18704,0.2320972477651015,30.0,,69.0,0.212901,D,0,0,
19609172,471310,Ricardo Adé,18804,0.47917229389703025,12.0,30.0,18.0,0.359222,D,0,0,0.027941333333333335
19609172,96208,Marquinhos,18704,0.5245223109263909,6.0,23.0,17.0,0.405858,C,0,0,0.106209
19609172,13225178,Josué Casimir,18804,0.5150103752245899,8.0,24.0,16.0,0.261025,C,0,0,0.10350866666666665
19609172,13171232,Martin Expérience,18804,0.47664491925949426,14.0,27.0,13.0,0.360182,D,0,0,0.038462
19609172,159208,Danilo,18704,0.5171271740785122,7.0,19.0,12.0,0.333409,C,0,0,0.133333
19609172,461496,Frantzdy Pierrot,18804,0.6211537691628743,4.0,16.0,12.0,0.480455,C,0,0,0.166667
19609172,23269665,Ruben Providence,18804,0.4976011447872723,11.0,22.0,11.0,0.408885,D,0,0,0.11546833333333334
19609172,28572704,Danley Jean Jacques,18804,0.4739004886813637,16.0,26.0,10.0,0.366446,D,0,0,0.06198866666666667
19609172,64296,Hannes Delcroix,18804,0.4739004886813637,18.0,28.0,10.0,0.354354,D,0,0,0.033974666666666674
19609172,97621,Carlens Arcus,18804,0.4739004886813637,19.0,29.0,10.0,0.354354,D,0,0,0.033974666666666674
19609172,99076,Jean-Ricner Bellegarde,18804,0.47398090160896594,15.0,25.0,10.0,0.376863,D,0,0,0.08585833333333333
19609172,25591317,Lenny Joseph,18804,0.4777271707415158,13.0,21.0,8.0,0.407116,C,0,0,0.120098
19609172,159700,Casimiro,18704,0.7634545215858725,3.0,10.0,7.0,0.722106,C,0,0,0.27544366666666664
19609173,37598725,Kenan Yıldız,18716,0.5715586142621906,7.0,,92.0,0.348008,C,0,0,
19609173,200715,Mert Günok,18716,0.23341094068161333,35.0,,64.0,0.210864,D,0,0,
19609173,37410398,Juan José Cáceres,18723,0.4739004886813637,15.0,33.0,18.0,0.382106,D,0,0,0.062393000000000004
19609173,201370,Abdülkerim Bardakcı,18716,0.5280587623923799,10.0,27.0,17.0,0.443822,D,0,0,0.07905966666666668
19609173,2510388,Mert Müldür,18716,0.5425586890334035,9.0,25.0,16.0,0.429295,D,0,0,0.086247
19609173,133990,Andrés Cubas,18723,0.4739004886813637,16.0,31.0,15.0,0.388832,D,0,0,0.07089000000000001
19609173,97707,Júnior Alonso,18723,0.4739004886813637,17.0,32.0,15.0,0.388832,D,0,0,0.07089000000000001
19609173,36873516,Mauricio,18723,0.5737517912519138,6.0,18.0,12.0,0.544805,C,0,0,0.166667
19609173,25738,Ferdi Kadıoğlu,18716,0.47863345466023216,12.0,24.0,12.0,0.408319,D,0,0,0.08838366666666668
19609173,22528506,İsmail Yüksek,18716,0.5629685676751219,8.0,19.0,11.0,0.478423,C,0,0,0.11666633333333333
19609173,164069,Merih Demiral,18716,0.4803090589395892,11.0,22.0,11.0,0.414119,D,0,0,0.09393933333333333
19609173,258137,Omar Alderete,18723,0.4739004886813637,18.0,29.0,11.0,0.393607,D,0,0,0.076923
19609173,29419594,Julio Enciso,18723,0.7203572096149341,4.0,13.0,9.0,0.689322,C,0,0,0.20740733333333336
19609173,31226528,Eren Elmalı,18716,0.25193735396763733,26.0,35.0,9.0,0.143699,D,0,0,0.05882400000000001
19609173,31825,Hakan Çalhanoğlu,18716,0.7428641267318198,2.0,10.0,8.0,0.719334,C,0,0,0.2333333333333333
19609173,450031,Zeki Çelik,18716,0.27330439473037343,24.0,30.0,6.0,0.343822,D,0,0,0.076923
19609174,37565351,Livano Comenencia,18910,0.7624718497704849,1.0,27.0,26.0,0.717655,C,0,0,0.04786366666666667
19609174,29444,Armando Obispo,18910,0.5354216008211299,3.0,28.0,25.0,0.3563,C,0,0,0.034483
19609174,871,Leandro Bacuna,18910,0.4935012575548685,6.0,26.0,20.0,0.426177,C,0,0,0.06699366666666667
19609174,37618295,Deveron Fonville,18910,0.4739004886813637,12.0,30.0,18.0,0.379223,D,0,0,0.027754333333333336
19609174,26073,Sherel Floranus,18910,0.4739004886813637,15.0,31.0,16.0,0.378394,D,0,0,0.025783666666666667
19609174,25515,Juninho Bacuna,18910,0.4782804350474936,11.0,25.0,14.0,0.403513,D,0,0,0.069519
19609174,1494236,Tahith Chong,18910,0.4787131660534098,10.0,23.0,13.0,0.407173,D,0,0,0.076253
19609174,37261500,Moisés Caicedo,18573,0.6671418066923271,2.0,10.0,8.0,0.660318,C,0,0,0.22063133333333332
19609174,37261496,Piero Hincapié,18573,0.49052365359792083,7.0,14.0,7.0,0.402034,C,0,0,0.122549
19609175,37316858,Hannibal,18554,0.5833310080904472,7.0,,92.0,0.496398,C,0,0,
19609175,35709049,Mohamed Belhadj Mahmoud,18554,0.29204840606005544,28.0,,71.0,0.204295,D,0,0,
19609175,17176205,Abdelmouhib Chamakh,18554,0.22731669171362423,33.0,,66.0,0.260624,D,0,0,
19609175,21414391,Omar Rekik,18554,0.5956215140660495,6.0,28.0,22.0,0.526444,C,0,0,0.051354000000000004
19609175,96364,Ellyes Skhiri,18554,0.5084573833180543,10.0,27.0,17.0,0.438961,D,0,0,0.07254933333333334
19609175,430355,Montassar Talbi,18554,0.4990880855563352,14.0,31.0,17.0,0.445819,D,0,0,0.051354000000000004
19609175,31238688,Kaishu Sano,18597,0.5963059072663331,5.0,18.0,13.0,0.577067,C,0,0,0.118421
19609175,99064,Dylan Bronn,18554,0.48175635888928664,17.0,30.0,13.0,0.386517,D,0,0,0.051354000000000004
19609175,465580,Hiroki Ito,18597,0.5023668199086099,13.0,25.0,12.0,0.325746,D,0,0,0.08119633333333333
19609175,310288,Takehiro Tomiyasu,18597,0.5076492292633824,11.0,21.0,10.0,0.310768,D,0,0,0.10407233333333334
19609175,15169863,Sebastian Tounekti,18554,0.5177603586646249,8.0,17.0,9.0,0.443571,C,0,0,0.12287566666666667
19609175,581043,Yan Valery,18554,0.4739004886813637,20.0,29.0,9.0,0.412066,D,0,0,0.051354000000000004
19609175,310131,Daichi Kamada,18597,0.6745928580130596,2.0,11.0,9.0,0.718592,C,1,1,0.18461533333333335
19609175,5666491,Keito Nakamura,18597,0.7192018820055396,1.0,7.0,6.0,0.814816,C,0,0,0.27499999999999997
19609175,310132,Ko Itakura,18597,0.4940684993521981,15.0,20.0,5.0,0.365161,D,0,0,0.105263
19609176,34737,Mark Flekken,18694,0.2320972477651015,41.0,,58.0,0.213638,D,0,0,
19609176,160206,Victor Lindelöf,18564,0.49513172182007814,18.0,40.0,22.0,0.321039,D,0,0,0.04658233333333334
19609176,689021,Isak Hien,18564,0.480830543772754,19.0,39.0,20.0,0.343102,D,0,0,0.04658233333333334
19609176,24818803,Jan Paul van Hecke,18694,0.5706465044683579,12.0,31.0,19.0,0.478264,D,0,0,0.10000000000000002
19609176,37296248,Micky van de Ven,18694,0.5826470639971408,10.0,29.0,19.0,0.453525,D,0,0,0.109391
19609176,193196,Gabriel Gudmundsson,18564,0.5057921126303283,17.0,36.0,19.0,0.303597,D,0,0,0.06198866666666667
19609176,37526157,Yasin Ayari,18564,0.8440946741908948,3.0,21.0,18.0,0.692315,C,0,0,0.13274833333333333
19609176,3533334,Gustaf Lagerbielke,18564,0.4739004886813637,21.0,37.0,16.0,0.379148,D,0,0,0.060729
19609176,191011,Jesper Karlström,18564,0.4739004886813637,22.0,35.0,13.0,0.386879,D,0,0,0.07309933333333334
19609176,19979885,Benjamin Nygren,18564,0.8442977971107932,2.0,14.0,12.0,0.652085,C,0,0,0.208754
19609176,5270462,Ryan Gravenberch,18694,0.5723316274883076,11.0,23.0,12.0,0.496042,D,0,0,0.12810433333333335
19609176,26536,Frenkie de Jong,18694,0.5171707188717571,16.0,27.0,11.0,0.382724,D,0,0,0.12397633333333334
19609176,26027,Denzel Dumfries,18694,0.7716989906681055,6.0,15.0,9.0,0.616129,C,0,0,0.177778
19609176,191367,Mattias Svanberg,18564,0.6324911302208228,9.0,17.0,8.0,0.509738,D,0,0,0.172494
19609176,1743,Virgil van Dijk,18694,0.5631700436154881,13.0,19.0,6.0,0.477271,D,0,0,0.14017066666666667
19609176,37407422,Daniel Svensson,18564,0.3282509031628484,29.0,34.0,5.0,0.273179,D,0,0,0.08119633333333333
19609176,190919,Carl Starfelt,18564,0.27865178942749513,33.0,38.0,5.0,0.263408,D,0,0,0.04958066666666666
19609177,37667172,Mostafa Mohamed Zaki Abdelraouf,18546,0.49989823760928964,12.0,,87.0,0.355224,D,1,0,
19609177,37388628,Marwan Ateya,18546,0.4740816879281361,13.0,,86.0,0.334143,D,0,0,
19609177,293978,Hamdy Fathy,18546,0.4739004886813637,19.0,,80.0,0.333942,D,0,0,
19609177,62495,Karim Hafez Ramadan Seif El Din,18546,0.25191350988460653,30.0,,69.0,0.097779,D,0,0,
19609177,37350663,Finn Surman,18613,0.5225383455857401,9.0,27.0,18.0,0.411776,D,1,1,0.04259666666666667
19609177,324518,Joe Bell,18613,0.6365337547610265,6.0,23.0,17.0,0.480853,C,0,0,0.05952366666666667
19609177,324712,Liberato Cacace,18613,0.5025341690339787,10.0,24.0,14.0,0.385812,D,0,0,0.051354000000000004
19609177,5640904,Elijah Just,18613,0.9017253736114728,1.0,11.0,10.0,0.767186,C,0,0,0.13580233333333333
19609177,37341836,Marko Stamenić,18613,0.5009951110808232,11.0,21.0,10.0,0.263284,D,0,0,0.07340400000000001
19609177,273373,Tim Payne,18613,0.4739004886813637,17.0,25.0,8.0,0.361029,D,0,0,0.051354000000000004
19609177,261737,Michael Boxall,18613,0.4739004886813637,20.0,28.0,8.0,0.355571,D,0,0,0.041006666666666663
19609177,5967839,Callum McCowatt,18613,0.7629570162556998,3.0,10.0,7.0,0.651807,C,0,0,0.15696633333333335
19609177,324539,Sarpreet Singh,18613,0.5525973254212055,8.0,15.0,7.0,0.468099,C,0,0,0.11647166666666668
19609178,160046,Diney Borges,18823,0.5290570911778443,7.0,33.0,26.0,0.481536,C,0,0,0.074074
19609178,96146,Steven Moreira,18823,0.4787353838627943,13.0,34.0,21.0,0.409605,D,0,0,0.054696
19609178,120887,Roberto Lopes,18823,0.47801078999677377,14.0,35.0,21.0,0.404833,D,0,0,0.052632
19609178,260904,Mathías Olivera,15251,0.6339668849487164,4.0,23.0,19.0,0.563765,C,0,0,0.11446733333333332
19609178,893705,Manuel Ugarte,15251,0.6876132474224058,3.0,20.0,17.0,0.642499,C,0,0,0.12472766666666668
19609178,13653174,Sebastián Cáceres,15251,0.491742622994957,12.0,27.0,15.0,0.456367,D,0,0,0.106209
19609178,37559583,Sidny Lopes Cabral,18823,0.49639275815967737,11.0,24.0,13.0,0.344907,D,0,0,0.11261933333333334
19609178,5956430,Kevin Lenini,18823,0.47396284522510623,17.0,29.0,12.0,0.422507,D,1,1,0.090909
19609178,37522757,Telmo Arcanjo,18823,0.5076492292633824,9.0,21.0,12.0,0.304896,D,0,0,0.12116633333333333
19609178,4449,Guillermo Varela,15251,0.4740012733096365,16.0,28.0,12.0,0.430975,D,0,0,0.106209
19609178,2823329,Juan Manuel Sanabria,15251,0.507846718559264,8.0,17.0,9.0,0.309035,C,0,0,0.12810433333333335
19609178,26433,Jamiro Monteiro,18823,0.4739004886813637,18.0,26.0,8.0,0.432586,D,0,0,0.10940166666666667
19609178,13649139,Maxi Araújo,15251,0.7457454679604291,1.0,8.0,7.0,0.765373,C,1,0,0.2849676666666667
19609178,260862,Federico Valverde,15251,0.7260449579890048,2.0,7.0,5.0,0.824709,C,0,0,0.289352
19609179,10274950,Mohanad Ali,18600,0.25191350988460653,34.0,,65.0,0.089458,D,0,0,
19609179,334896,Jalal Hassan,18600,0.22731669171362423,40.0,,59.0,0.230723,D,0,0,
19609179,37526506,Merchas Doski,18600,0.5251460632940599,12.0,37.0,25.0,0.364048,D,0,0,0.033497
19609179,37352773,Ahmed Qasem,18600,0.6190403307767522,7.0,30.0,23.0,0.444997,C,0,0,0.08366033333333334
19609179,197017,Amir Al-Ammari,18600,0.5792060580580215,10.0,33.0,23.0,0.4133,D,0,0,0.05049066666666666
19609179,37672705,Zaid Tahseen,18600,0.4965868835216833,16.0,38.0,22.0,0.357982,D,0,0,0.032133
19609179,37365874,Zidane Iqbal,18600,0.5008952089356222,15.0,32.0,17.0,0.230824,D,0,0,0.062049
19609179,23715953,Hussein Ali,18600,0.4887597349632839,19.0,36.0,17.0,0.350495,D,0,0,0.033497
19609179,337394,Jules Koundé,18647,0.5835650571603759,8.0,24.0,16.0,0.400435,C,0,0,0.11680900000000001
19609179,33685,Dayot Upamecano,18647,0.6294997219323991,6.0,21.0,15.0,0.452804,C,0,0,0.12309366666666666
19609179,37734969,Akam Hashem,18600,0.4791542198934195,20.0,34.0,14.0,0.338128,D,0,0,0.035481000000000006
19609179,334650,Aymen Hussein,18600,0.7707117814146678,4.0,18.0,14.0,0.638526,C,0,0,0.13580233333333333
19609179,896368,Ibrahim Bayesh,18600,0.4937425269479688,17.0,29.0,12.0,0.376993,D,0,0,0.08717966666666667
19609179,95368,Lucas Digne,18647,0.5422657872233989,11.0,22.0,11.0,0.374583,D,0,0,0.11680900000000001
19609179,37730643,Zaid Ismail,18600,0.4739004886813637,22.0,31.0,9.0,0.345934,D,0,0,0.07474766666666667
19609180,99157,Yehvann Diouf,18558,0.23694751053509905,40.0,,59.0,0.175966,D,0,0,
19609180,151568,Fredrik Bjørkan,18578,0.23343033728263124,41.0,,58.0,0.20469,D,0,0,
19609180,24816996,Sander Tangvik,18578,0.2320972477651015,43.0,,56.0,0.204207,D,0,0,
19609180,524309,Leo Østigård,18578,0.6517716113673496,4.0,38.0,34.0,0.459671,C,0,0,0.076923
19609180,98874,Moussa Niakhaté,18558,0.5685612462544616,8.0,37.0,29.0,0.40424,C,0,0,0.07905966666666668
19609180,33166012,David Møller Wolfe,18578,0.6003144154854435,5.0,31.0,26.0,0.465535,C,0,0,0.090909
19609180,151628,Julian Ryerson,18578,0.51777281636979,14.0,32.0,18.0,0.363654,D,0,0,0.090909
19609180,151418,Kristoffer Ajer,18578,0.4739004886813637,22.0,39.0,17.0,0.357691,D,0,0,0.07597333333333334
19609180,37685630,El Hadji Malick Diouf,18558,0.5574295642752275,10.0,25.0,15.0,0.397515,D,0,0,0.111111
19609180,538449,Torbjørn Heggem,18578,0.4941408618985435,18.0,33.0,15.0,0.280875,D,0,0,0.08838366666666668
19609180,430403,Krépin Diatta,18558,0.5521493728572885,11.0,26.0,15.0,0.398774,D,0,0,0.11011
19609180,151551,Fredrik Aursnes,18578,0.5641289136052128,9.0,23.0,14.0,0.449262,D,0,0,0.133333
19609180,37570379,Antonio Nusa,18578,0.5764037712403491,7.0,15.0,8.0,0.45868,C,0,0,0.21203533333333333
19609180,1030,Idrissa Gueye,18558,0.4739004886813637,20.0,28.0,8.0,0.370571,D,0,0,0.10334100000000002
19609180,153244,Abdoulaye Seck,18558,0.3308629477275102,26.0,34.0,8.0,0.332221,D,0,0,0.08547
19609180,37569271,Antoine Mendy,18558,0.255827976622294,33.0,40.0,7.0,0.224827,D,0,0,0.07222233333333333
19609180,433169,Pape Gueye,18558,0.547713141021364,12.0,19.0,7.0,0.414886,D,0,0,0.16003533333333333
19609180,61806,Kalidou Koulibaly,18558,0.4734679861722465,23.0,30.0,7.0,0.367261,D,0,0,0.096642
19609180,64193,Sander Berge,18578,0.4739004886813637,21.0,27.0,6.0,0.371767,D,0,0,0.10588233333333334
19609180,96722,Ismaïla Sarr,18558,0.8565784814243103,2.0,8.0,6.0,0.67616,C,1,0,0.23947233333333337
19609180,37642676,Lamine Camara,18558,0.508031584458501,15.0,20.0,5.0,0.413433,D,0,0,0.14506166666666667
19609180,26823,Martin Ødegaard,18578,0.5320068542818843,13.0,18.0,5.0,0.40532,D,0,0,0.17283966666666664
19609181,474354,Mousa Tamari,18559,0.49982489698299154,12.0,,87.0,0.397354,D,0,0,
19609181,4192142,Noor Al-Rawabdeh,18559,0.5792060580580215,3.0,24.0,21.0,0.514699,C,0,0,0.10588233333333334
19609181,62502,Ramy Bensebaini,18620,0.5348193839002391,5.0,19.0,14.0,0.463349,C,0,0,0.13154533333333332
19609181,13590962,Rayan Aït-Nouri,18620,0.5373958352612627,4.0,17.0,13.0,0.497362,C,0,0,0.145299
19609181,37567008,Abdallah Nasib,18559,0.4739004886813637,17.0,29.0,12.0,0.397338,D,0,0,0.06539099999999999
19609181,474356,Ehsan Haddad,18559,0.4807395910250341,15.0,26.0,11.0,0.417048,D,0,0,0.081585
19609181,4192141,Yazan Al-Arab,18559,0.4739004886813637,20.0,30.0,10.0,0.397338,D,0,0,0.06539099999999999
19609181,95635,Aïssa Mandi,18620,0.4823985491215495,14.0,23.0,9.0,0.399458,D,0,0,0.11328966666666666
19609181,24444666,Ali Olwan,18559,0.7951585200551444,1.0,9.0,8.0,0.878083,C,0,0,0.2555556666666667
19609181,37255818,Ramiz Zerrouki,18620,0.5082664968395664,8.0,15.0,7.0,0.319939,C,0,0,0.16239333333333336
19609181,37566820,Mohannad Abu Taha,18559,0.4739004886813637,18.0,25.0,7.0,0.420391,D,0,0,0.10429859999999999
19609181,453084,Mahmoud Al-Mardi,18559,0.5076492292633824,9.0,16.0,7.0,0.31827,D,0,0,0.16003533333333333
19609181,37560881,Rafik Belghali,18620,0.4739004886813637,16.0,22.0,6.0,0.429913,D,0,0,0.12037033333333334
19609181,37536482,Farès Chaïbi,18620,0.7049210677556055,2.0,7.0,5.0,0.709282,C,0,0,0.2839503333333333
19609183,15076349,Joseph Anang,18553,0.2320972477651015,42.0,,57.0,0.203221,D,0,0,
19609183,12647,Dean Henderson,18645,0.2320972477651015,43.0,,56.0,0.203221,D,0,0,
19609183,52721,Lawrence Ati Zigi,18553,0.22731669171362423,44.0,,55.0,0.231507,D,0,0,
19609183,37762150,Caleb Yirenkyi,18553,0.8011819899946637,3.0,30.0,27.0,0.669287,C,0,0,0.10940166666666667
19609183,37633249,Jonas Adjetey,18553,0.5558987707609095,11.0,35.0,24.0,0.403048,D,0,0,0.06072133333333333
19609183,37614052,Ernest Nuamah,18553,0.6431648287514875,5.0,27.0,22.0,0.523826,C,0,0,0.12037033333333334
19609183,7124,Ezri Konsa,18645,0.6328755509710903,6.0,26.0,20.0,0.47917,C,0,0,0.12492466666666667
19609183,54303,Gideon Mensah,18553,0.4739004886813637,23.0,41.0,18.0,0.331511,D,0,0,0.028164666666666668
19609183,1494704,Jerome Opoku,18553,0.501749589838029,19.0,36.0,17.0,0.26968,D,0,0,0.06072133333333333
19609183,186370,Thomas Partey,18553,0.5243041969149007,15.0,32.0,17.0,0.364561,D,0,0,0.09829033333333333
19609183,4969726,Kwasi Sibo,18553,0.5076492292633824,18.0,34.0,16.0,0.209159,D,0,0,0.06595000000000001
19609183,36481539,Marvin Senaya,18553,0.4739004886813637,22.0,37.0,15.0,0.33854,D,0,0,0.045249333333333336
19609183,7026573,Djed Spence,18645,0.518621990533251,16.0,28.0,12.0,0.370175,D,0,0,0.11936933333333333
19609183,581220,Reece James,18645,0.529102415606661,14.0,22.0,8.0,0.418112,D,0,0,0.13790833333333333
19609183,186801,Iñaki Williams,18553,0.5773379089353672,9.0,17.0,8.0,0.372179,D,0,0,0.1498826666666667
19609183,4536500,Marc Guéhi,18645,0.5128063886978603,17.0,23.0,6.0,0.30903,D,0,0,0.133333
19609183,4267,Abdul Rahman Baba,18553,0.28302706932106364,32.0,38.0,6.0,0.20959,D,0,0,0.043659333333333335
