fixture_id,cohort,source,kickoff_utc,predicted_at,exclusion_reason,has_odds,has_ecse,has_lambda_v2,no_bet_reason_source,in_phase1_sealed
719349,HISTORICAL_PREMATCH_FREEZE,worldcup_stored_predictions,2021-08-13T18:30:00,2026-06-18T03:52:42.378954,POST_KICKOFF_PREDICTION,False,False,False,,False
1489369,HISTORICAL_PREMATCH_FREEZE,worldcup_stored_predictions,2026-06-11T19:00:00,2026-06-11T20:07:25.714814,POST_KICKOFF_PREDICTION,False,False,False,,False
1538999,HISTORICAL_PREMATCH_FREEZE,worldcup_stored_predictions,2026-06-12T02:00:00,2026-06-11T20:47:59.386585,,False,False,False,,False
1539000,HISTORICAL_PREMATCH_FREEZE,worldcup_stored_predictions,2026-06-12T19:00:00,2026-06-12T19:33:09.203855,POST_KICKOFF_PREDICTION,False,False,False,,False
1489370,HISTORICAL_PREMATCH_FREEZE,worldcup_stored_predictions,2026-06-13T01:00:00,2026-06-12T19:35:16.335175,,False,False,False,,False
1489373,HISTORICAL_PREMATCH_FREEZE,worldcup_stored_predictions,2026-06-13T19:00:00,2026-06-13T14:48:46.129210,,True,False,False,,False
1489371,HISTORICAL_PREMATCH_FREEZE,worldcup_stored_predictions,2026-06-13T22:00:00,2026-06-13T08:00:02.031749,,False,False,False,,False
1489372,HISTORICAL_PREMATCH_FREEZE,worldcup_stored_predictions,2026-06-14T01:00:00,2026-06-13T07:57:17.360508,,False,False,False,,False
1539001,HISTORICAL_PREMATCH_FREEZE,worldcup_stored_predictions,2026-06-14T04:00:00,2026-06-13T08:15:43.371952,,False,False,False,,False
1489374,HISTORICAL_PREMATCH_FREEZE,worldcup_stored_predictions,2026-06-14T17:00:00,2026-06-16T16:44:57.003564,POST_KICKOFF_PREDICTION,True,False,False,,False
1489376,HISTORICAL_PREMATCH_FREEZE,worldcup_stored_predictions,2026-06-14T20:00:00,2026-06-14T17:20:48.141715,,True,False,False,,False
1489375,HISTORICAL_PREMATCH_FREEZE,worldcup_stored_predictions,2026-06-14T23:00:00,2026-06-13T12:24:27.472465,,False,False,False,,False
1539002,HISTORICAL_PREMATCH_FREEZE,worldcup_stored_predictions,2026-06-15T02:00:00,2026-06-13T12:24:10.836138,,False,False,False,,False
1489380,HISTORICAL_PREMATCH_FREEZE,worldcup_stored_predictions,2026-06-15T16:00:00,2026-06-15T07:03:14.904154,,True,False,False,,False
1489377,HISTORICAL_PREMATCH_FREEZE,worldcup_stored_predictions,2026-06-15T19:00:00,2026-06-13T12:23:40.562980,,False,False,False,,False
1489379,HISTORICAL_PREMATCH_FREEZE,worldcup_stored_predictions,2026-06-15T22:00:00,2026-06-13T12:23:24.495962,,False,False,False,,False
1489378,HISTORICAL_PREMATCH_FREEZE,worldcup_stored_predictions,2026-06-16T01:00:00,2026-06-13T12:22:55.057580,,False,False,False,,False
1489383,HISTORICAL_PREMATCH_FREEZE,worldcup_stored_predictions,2026-06-16T19:00:00,2026-06-16T17:56:48.870468,,True,False,False,,False
1539016,HISTORICAL_PREMATCH_FREEZE,worldcup_stored_predictions,2026-06-16T22:00:00,2026-06-16T04:31:46.931494,,True,False,False,,False
1489381,HISTORICAL_PREMATCH_FREEZE,worldcup_stored_predictions,2026-06-17T01:00:00,2026-06-16T20:05:52.435072,,True,False,False,,False
1489382,HISTORICAL_PREMATCH_FREEZE,worldcup_stored_predictions,2026-06-17T04:00:00,2026-06-15T04:50:15.554305,,True,False,False,,False
1539003,HISTORICAL_PREMATCH_FREEZE,worldcup_stored_predictions,2026-06-17T17:00:00,2026-06-11T20:27:08.685699,,True,False,False,,False
1489384,HISTORICAL_PREMATCH_FREEZE,worldcup_stored_predictions,2026-06-17T20:00:00,2026-06-16T12:27:00.374511,,True,False,False,,False
1489386,HISTORICAL_PREMATCH_FREEZE,worldcup_stored_predictions,2026-06-18T02:00:00,2026-06-16T11:59:14.271339,,True,False,False,,False
1539004,HISTORICAL_PREMATCH_FREEZE,worldcup_stored_predictions,2026-06-18T16:00:00,2026-06-18T14:56:14.252408,,True,False,False,,False
1539005,HISTORICAL_PREMATCH_FREEZE,worldcup_stored_predictions,2026-06-18T19:00:00,2026-06-18T18:09:28.576533,,True,False,False,,False
1539007,HISTORICAL_PREMATCH_FREEZE,worldcup_stored_predictions,2026-06-20T17:00:00,2026-06-20T15:59:06.613511,,True,False,False,,False
1489393,HISTORICAL_PREMATCH_FREEZE,worldcup_stored_predictions,2026-06-20T20:00:00,2026-06-20T19:58:07.512472Z,,True,False,False,reconstructed,False
1489409,HISTORICAL_PREMATCH_FREEZE,worldcup_stored_predictions,2026-06-25T20:00:00,2026-06-25T04:50:43.470536Z,,True,False,False,reconstructed,False
1489410,HISTORICAL_PREMATCH_FREEZE,worldcup_stored_predictions,2026-06-25T20:00:00,2026-06-25T04:51:08.668271Z,,True,False,False,reconstructed,False
1489412,HISTORICAL_PREMATCH_FREEZE,worldcup_stored_predictions,2026-06-25T23:00:00,2026-06-25T04:51:44.829551Z,,True,False,False,reconstructed,False
1539011,HISTORICAL_PREMATCH_FREEZE,worldcup_stored_predictions,2026-06-25T23:00:00,2026-06-25T04:55:04.793861Z,,True,False,False,reconstructed,False
1489411,HISTORICAL_PREMATCH_FREEZE,worldcup_stored_predictions,2026-06-26T02:00:00,2026-06-25T04:51:26.870584Z,,True,False,False,reconstructed,False
1539012,HISTORICAL_PREMATCH_FREEZE,worldcup_stored_predictions,2026-06-26T02:00:00,2026-06-25T04:55:20.810357Z,,True,False,False,reconstructed,False
1562345,HISTORICAL_PREMATCH_FREEZE,worldcup_stored_predictions,2026-06-30T01:00:00,2026-06-30T16:22:18.336614,POST_KICKOFF_PREDICTION,False,True,False,,False
1564789,HISTORICAL_PREMATCH_FREEZE,worldcup_stored_predictions,2026-06-30T17:00:00,2026-06-30T16:22:21.688517,,True,True,False,reconstructed,False
1565177,HISTORICAL_PREMATCH_FREEZE,worldcup_stored_predictions,2026-06-30T21:00:00,2026-06-30T16:22:24.979386,,True,True,False,,False
1567306,HISTORICAL_PREMATCH_FREEZE,worldcup_stored_predictions,2026-07-01T01:00:00,2026-06-30T13:48:04.080361,,True,True,False,,False
1567307,HISTORICAL_PREMATCH_FREEZE,worldcup_stored_predictions,2026-07-01T16:00:00,2026-07-01T10:35:25.751680,,True,True,False,,False
1567308,HISTORICAL_PREMATCH_FREEZE,worldcup_stored_predictions,2026-07-01T20:00:00,2026-07-01T10:35:44.142809,,True,True,False,,False
1562586,HISTORICAL_PREMATCH_FREEZE,worldcup_stored_predictions,2026-07-02T00:00:00,2026-07-01T10:36:01.431244,,True,True,False,,False
1567311,HISTORICAL_PREMATCH_FREEZE,worldcup_stored_predictions,2026-07-02T19:00:00,2026-07-01T10:36:17.079333,,True,True,False,reconstructed,False
1567309,HISTORICAL_PREMATCH_FREEZE,worldcup_stored_predictions,2026-07-02T23:00:00,2026-07-01T10:36:32.428881,,True,True,False,reconstructed,False
1567312,HISTORICAL_PREMATCH_FREEZE,worldcup_stored_predictions,2026-07-03T03:00:00,2026-07-01T10:36:49.656805,,True,True,False,reconstructed,False
1565178,HISTORICAL_PREMATCH_FREEZE,worldcup_stored_predictions,2026-07-03T18:00:00,2026-07-01T10:37:03.962932,,True,True,False,reconstructed,False
1565179,HISTORICAL_PREMATCH_FREEZE,worldcup_stored_predictions,2026-07-03T22:00:00,2026-07-01T10:37:18.611525,,True,True,False,reconstructed,False
1567310,HISTORICAL_PREMATCH_FREEZE,worldcup_stored_predictions,2026-07-04T01:30:00,2026-07-01T10:37:34.532974,,True,True,False,reconstructed,False
1567824,HISTORICAL_PREMATCH_FREEZE,worldcup_stored_predictions,2026-07-04T17:00:00,2026-07-01T10:37:47.639624,,True,True,False,,False
1554444,HISTORICAL_PREMATCH_FREEZE,worldcup_stored_predictions,2026-07-09T16:00:00,2026-07-06T12:30:02.090393,,False,True,False,reconstructed,False
1554442,HISTORICAL_PREMATCH_FREEZE,worldcup_stored_predictions,2026-07-09T17:00:00,2026-07-06T12:30:06.894447,,False,True,False,reconstructed,False
1554445,HISTORICAL_PREMATCH_FREEZE,worldcup_stored_predictions,2026-07-09T17:00:00,2026-07-06T12:30:13.469638,,False,True,False,reconstructed,False
1554441,HISTORICAL_PREMATCH_FREEZE,worldcup_stored_predictions,2026-07-09T18:00:00,2026-07-06T12:30:28.660777,,True,True,False,reconstructed,False
1554443,HISTORICAL_PREMATCH_FREEZE,worldcup_stored_predictions,2026-07-09T18:00:00,2026-07-06T12:30:44.052286,,False,False,False,reconstructed,False
1554446,HISTORICAL_PREMATCH_FREEZE,worldcup_stored_predictions,2026-07-09T18:00:00,2026-07-06T12:30:58.357628,,True,True,False,reconstructed,False
1578539,HISTORICAL_PREMATCH_FREEZE,worldcup_stored_predictions,2026-07-09T20:00:00,2026-07-09T03:40:46.897213,,True,True,False,,False
1494204,HISTORICAL_PREMATCH_FREEZE,finished_match_evaluation,2026-07-12T12:00:00+00:00,2026-07-10T16:05:45+00:00,,True,True,False,reconstructed,False
1494205,HISTORICAL_PREMATCH_FREEZE,finished_match_evaluation,2026-07-12T12:00:00+00:00,2026-07-10T16:05:59+00:00,,True,True,False,reconstructed,False
1494208,HISTORICAL_PREMATCH_FREEZE,finished_match_evaluation,2026-07-12T12:00:00+00:00,2026-07-10T16:06:12+00:00,,True,True,False,reconstructed,False
1554381,HISTORICAL_PREMATCH_FREEZE,finished_match_evaluation,2026-07-14T15:00:00+00:00,2026-07-14T07:57:19+00:00,,True,True,False,reconstructed,False
1554379,HISTORICAL_PREMATCH_FREEZE,finished_match_evaluation,2026-07-14T16:00:00+00:00,2026-07-14T07:57:34+00:00,,True,True,False,reconstructed,False
1554380,HISTORICAL_PREMATCH_FREEZE,finished_match_evaluation,2026-07-14T16:00:00+00:00,2026-07-14T07:57:49+00:00,,True,True,False,reconstructed,False
1514244,HISTORICAL_PREMATCH_FREEZE,finished_match_evaluation,2026-07-14T17:00:00+00:00,2026-07-14T07:36:53+00:00,,True,True,False,reconstructed,False
1554378,HISTORICAL_PREMATCH_FREEZE,finished_match_evaluation,2026-07-14T17:00:00+00:00,2026-07-14T07:58:12+00:00,,True,True,False,reconstructed,False
1554384,HISTORICAL_PREMATCH_FREEZE,finished_match_evaluation,2026-07-14T17:00:00+00:00,2026-07-14T07:58:31+00:00,,True,True,False,reconstructed,False
1554383,HISTORICAL_PREMATCH_FREEZE,finished_match_evaluation,2026-07-14T17:30:00+00:00,2026-07-14T07:58:51+00:00,,True,True,False,reconstructed,False
1554387,HISTORICAL_PREMATCH_FREEZE,finished_match_evaluation,2026-07-14T17:30:00+00:00,2026-07-14T07:59:07+00:00,,True,True,False,reconstructed,False
1514200,HISTORICAL_PREMATCH_FREEZE,finished_match_evaluation,2026-07-14T18:00:00+00:00,2026-07-14T07:37:09+00:00,,True,True,False,reconstructed,False
1554376,HISTORICAL_PREMATCH_FREEZE,finished_match_evaluation,2026-07-14T18:00:00+00:00,2026-07-14T11:10:46+00:00,,True,True,False,reconstructed,False
1554382,HISTORICAL_PREMATCH_FREEZE,finished_match_evaluation,2026-07-14T19:00:00+00:00,2026-07-14T07:59:35+00:00,,True,True,False,reconstructed,False
1554385,HISTORICAL_PREMATCH_FREEZE,finished_match_evaluation,2026-07-14T19:00:00+00:00,2026-07-14T07:59:52+00:00,,True,True,False,reconstructed,False
1554425,HISTORICAL_PREMATCH_FREEZE,finished_match_evaluation,2026-07-14T19:00:00+00:00,2026-07-14T08:00:15+00:00,,True,True,False,reconstructed,False
1585131,HISTORICAL_PREMATCH_FREEZE,finished_match_evaluation,2026-07-14T19:00:00+00:00,2026-07-14T08:00:37+00:00,,True,True,False,reconstructed,False
1554428,HISTORICAL_PREMATCH_FREEZE,finished_match_evaluation,2026-07-15T14:30:00+00:00,2026-07-15T08:41:23+00:00,,True,True,False,reconstructed,False
1554388,HISTORICAL_PREMATCH_FREEZE,finished_match_evaluation,2026-07-15T17:30:00+00:00,2026-07-15T08:41:41+00:00,,True,True,False,reconstructed,False
1554375,HISTORICAL_PREMATCH_FREEZE,finished_match_evaluation,2026-07-15T18:15:00+00:00,2026-07-15T05:04:35+00:00,,True,True,False,reconstructed,False
1554421,HISTORICAL_PREMATCH_FREEZE,finished_match_evaluation,2026-07-15T18:30:00+00:00,2026-07-15T05:04:55+00:00,,True,True,False,reconstructed,False
1554377,HISTORICAL_PREMATCH_FREEZE,finished_match_evaluation,2026-07-15T19:00:00+00:00,2026-07-15T08:41:59+00:00,,True,True,False,reconstructed,False
1554386,HISTORICAL_PREMATCH_FREEZE,finished_match_evaluation,2026-07-15T19:00:00+00:00,2026-07-15T08:42:17+00:00,,True,True,False,reconstructed,False
1586077,HISTORICAL_PREMATCH_FREEZE,finished_match_evaluation,2026-07-15T19:00:00+00:00,2026-07-15T05:05:16+00:00,,True,True,False,reconstructed,False
1554418,HISTORICAL_PREMATCH_FREEZE,finished_match_evaluation,2026-07-16T15:00:00+00:00,2026-07-16T07:13:58+00:00,,True,True,False,reconstructed,False
1554424,HISTORICAL_PREMATCH_FREEZE,finished_match_evaluation,2026-07-16T15:00:00+00:00,2026-07-16T07:14:18+00:00,,True,True,False,reconstructed,False
1554439,HISTORICAL_PREMATCH_FREEZE,finished_match_evaluation,2026-07-16T15:00:00+00:00,2026-07-16T07:14:36+00:00,,True,True,False,reconstructed,False
1554423,HISTORICAL_PREMATCH_FREEZE,finished_match_evaluation,2026-07-16T16:00:00+00:00,2026-07-16T07:14:54+00:00,,True,True,False,reconstructed,False
1554430,HISTORICAL_PREMATCH_FREEZE,finished_match_evaluation,2026-07-16T16:00:00+00:00,2026-07-16T07:15:15+00:00,,True,True,False,reconstructed,False
1554431,HISTORICAL_PREMATCH_FREEZE,finished_match_evaluation,2026-07-16T16:00:00+00:00,2026-07-16T07:15:33+00:00,,True,True,False,reconstructed,False
1554436,HISTORICAL_PREMATCH_FREEZE,finished_match_evaluation,2026-07-16T16:00:00+00:00,2026-07-16T07:15:51+00:00,,True,True,False,reconstructed,False
1554437,HISTORICAL_PREMATCH_FREEZE,finished_match_evaluation,2026-07-16T16:00:00+00:00,2026-07-16T07:16:14+00:00,,True,True,False,reconstructed,False
1554426,HISTORICAL_PREMATCH_FREEZE,finished_match_evaluation,2026-07-16T16:30:00+00:00,2026-07-16T07:16:34+00:00,,True,True,False,reconstructed,False
1554432,HISTORICAL_PREMATCH_FREEZE,finished_match_evaluation,2026-07-16T16:30:00+00:00,2026-07-16T07:16:53+00:00,,True,True,False,reconstructed,False
1494706,HISTORICAL_PREMATCH_FREEZE,finished_match_evaluation,2026-07-16T17:00:00+00:00,2026-07-16T07:17:14+00:00,,True,True,False,reconstructed,False
1554416,HISTORICAL_PREMATCH_FREEZE,finished_match_evaluation,2026-07-16T17:00:00+00:00,2026-07-16T07:17:34+00:00,,True,True,False,reconstructed,False
1554417,HISTORICAL_PREMATCH_FREEZE,finished_match_evaluation,2026-07-16T17:00:00+00:00,2026-07-16T07:17:52+00:00,,True,True,False,reconstructed,False
1554420,HISTORICAL_PREMATCH_FREEZE,finished_match_evaluation,2026-07-16T17:00:00+00:00,2026-07-16T07:18:13+00:00,,True,True,False,reconstructed,False
1554429,HISTORICAL_PREMATCH_FREEZE,finished_match_evaluation,2026-07-16T17:00:00+00:00,2026-07-16T07:18:37+00:00,,True,True,False,reconstructed,False
1554435,HISTORICAL_PREMATCH_FREEZE,finished_match_evaluation,2026-07-16T17:00:00+00:00,2026-07-16T07:18:57+00:00,,True,True,False,reconstructed,False
1554440,HISTORICAL_PREMATCH_FREEZE,finished_match_evaluation,2026-07-16T17:00:00+00:00,2026-07-16T07:19:17+00:00,,True,True,False,reconstructed,False
1554422,HISTORICAL_PREMATCH_FREEZE,finished_match_evaluation,2026-07-16T17:30:00+00:00,2026-07-16T07:19:34+00:00,,True,True,False,reconstructed,False
1554448,HISTORICAL_PREMATCH_FREEZE,finished_match_evaluation,2026-07-16T17:30:00+00:00,2026-07-16T07:19:52+00:00,,True,True,False,reconstructed,False
1554450,HISTORICAL_PREMATCH_FREEZE,finished_match_evaluation,2026-07-16T17:30:00+00:00,2026-07-16T07:20:11+00:00,,True,True,False,reconstructed,True
1554419,HISTORICAL_PREMATCH_FREEZE,finished_match_evaluation,2026-07-16T18:00:00+00:00,2026-07-16T07:20:31+00:00,,True,True,False,reconstructed,True
1554434,HISTORICAL_PREMATCH_FREEZE,finished_match_evaluation,2026-07-16T18:00:00+00:00,2026-07-16T07:20:54+00:00,,True,True,False,reconstructed,True
1554447,HISTORICAL_PREMATCH_FREEZE,finished_match_evaluation,2026-07-16T18:00:00+00:00,2026-07-16T07:21:15+00:00,,True,True,False,reconstructed,True
1554449,HISTORICAL_PREMATCH_FREEZE,finished_match_evaluation,2026-07-16T18:15:00+00:00,2026-07-16T07:21:35+00:00,,True,True,False,reconstructed,True
1554452,HISTORICAL_PREMATCH_FREEZE,finished_match_evaluation,2026-07-16T18:30:00+00:00,2026-07-16T07:21:53+00:00,,True,True,False,reconstructed,True
1554415,HISTORICAL_PREMATCH_FREEZE,finished_match_evaluation,2026-07-16T18:45:00+00:00,2026-07-16T07:22:11+00:00,,True,True,False,reconstructed,True
1554427,HISTORICAL_PREMATCH_FREEZE,finished_match_evaluation,2026-07-16T18:45:00+00:00,2026-07-16T07:22:29+00:00,,True,True,False,reconstructed,True
1554438,HISTORICAL_PREMATCH_FREEZE,finished_match_evaluation,2026-07-16T19:00:00+00:00,2026-07-16T07:22:46+00:00,,True,True,False,reconstructed,True
1514231,HISTORICAL_PREMATCH_FREEZE,finished_match_evaluation,2026-07-16T19:15:00+00:00,2026-07-16T07:23:05+00:00,,True,True,False,reconstructed,True
1554451,HISTORICAL_PREMATCH_FREEZE,finished_match_evaluation,2026-07-16T20:00:00+00:00,2026-07-16T07:23:23+00:00,,True,True,False,reconstructed,True
1494211,HISTORICAL_PREMATCH_FREEZE,worldcup_stored_predictions,2026-07-17T17:00:00,2026-07-17T09:48:16.271652,,True,True,False,,False
1494215,HISTORICAL_PREMATCH_FREEZE,worldcup_stored_predictions,2026-07-17T17:00:00,2026-07-17T09:44:53.297954,,True,True,False,reconstructed,False
1494700,HISTORICAL_PREMATCH_FREEZE,worldcup_stored_predictions,2026-07-17T17:15:00,2026-07-17T09:45:08.941504,,True,True,False,,False
1498651,HISTORICAL_PREMATCH_FREEZE,worldcup_stored_predictions,2026-07-17T18:00:00,2026-07-17T13:34:16.843470,,True,True,False,reconstructed,False
1514234,HISTORICAL_PREMATCH_FREEZE,worldcup_stored_predictions,2026-07-17T19:15:00,2026-07-17T09:48:21.716154,,True,True,False,reconstructed,False
1498662,HISTORICAL_PREMATCH_FREEZE,worldcup_stored_predictions,2026-07-17T21:00:00,2026-07-17T13:34:37.208123,,True,True,False,reconstructed,False
1497629,HISTORICAL_PREMATCH_FREEZE,worldcup_stored_predictions,2026-07-18T11:00:00,2026-07-18T07:25:45.570730,,True,True,False,reconstructed,False
1494701,HISTORICAL_PREMATCH_FREEZE,worldcup_stored_predictions,2026-07-18T12:00:00,2026-07-18T07:26:07.116257,,True,True,False,reconstructed,False
1495733,HISTORICAL_PREMATCH_FREEZE,worldcup_stored_predictions,2026-07-18T12:00:00,2026-07-18T07:26:28.642212,,True,True,False,reconstructed,False
1494209,HISTORICAL_PREMATCH_FREEZE,worldcup_stored_predictions,2026-07-18T13:00:00,2026-07-18T12:43:17.789247,,True,True,False,,False
1497631,HISTORICAL_PREMATCH_FREEZE,worldcup_stored_predictions,2026-07-18T13:00:00,2026-07-18T12:43:34.171438,,True,True,False,reconstructed,False
1494702,HISTORICAL_PREMATCH_FREEZE,worldcup_stored_predictions,2026-07-18T14:00:00,2026-07-18T12:43:49.883722,,True,True,False,reconstructed,False
1494703,HISTORICAL_PREMATCH_FREEZE,worldcup_stored_predictions,2026-07-18T14:00:00,2026-07-18T07:27:54.198166,,True,True,False,reconstructed,False
1494705,HISTORICAL_PREMATCH_FREEZE,worldcup_stored_predictions,2026-07-18T14:00:00,2026-07-18T12:44:05.097967,,True,True,False,reconstructed,False
1495734,HISTORICAL_PREMATCH_FREEZE,worldcup_stored_predictions,2026-07-18T14:00:00,2026-07-18T12:44:21.924679,,True,True,False,reconstructed,False
1495735,HISTORICAL_PREMATCH_FREEZE,worldcup_stored_predictions,2026-07-18T14:00:00,2026-07-18T12:44:37.374297,,True,True,False,reconstructed,False
1514232,HISTORICAL_PREMATCH_FREEZE,worldcup_stored_predictions,2026-07-18T14:00:00,2026-07-18T12:44:52.605049,,True,True,False,reconstructed,False
1514233,HISTORICAL_PREMATCH_FREEZE,worldcup_stored_predictions,2026-07-18T14:00:00,2026-07-18T07:29:29.838085,,True,True,False,reconstructed,False
1497630,HISTORICAL_PREMATCH_FREEZE,worldcup_stored_predictions,2026-07-18T15:00:00,2026-07-18T12:45:09.602902,,True,True,False,reconstructed,False
1556381,HISTORICAL_PREMATCH_FREEZE,worldcup_stored_predictions,2026-07-18T15:00:00,2026-07-18T07:30:13.354583,,True,True,False,reconstructed,False
1494704,HISTORICAL_PREMATCH_FREEZE,worldcup_stored_predictions,2026-07-18T16:00:00,2026-07-18T12:45:29.539834,,True,True,False,,False
1494707,HISTORICAL_PREMATCH_FREEZE,worldcup_stored_predictions,2026-07-18T16:00:00,2026-07-18T07:30:51.159363,,True,True,False,,False
1508808,HISTORICAL_PREMATCH_FREEZE,worldcup_stored_predictions,2026-07-18T16:00:00,2026-07-18T07:31:10.395444,,True,True,False,reconstructed,False
1514235,HISTORICAL_PREMATCH_FREEZE,worldcup_stored_predictions,2026-07-18T16:00:00,2026-07-18T07:31:28.972992,,True,True,False,reconstructed,False
1515884,HISTORICAL_PREMATCH_FREEZE,worldcup_stored_predictions,2026-07-18T16:00:00,2026-07-18T07:31:48.762095,,True,True,False,reconstructed,False
1508809,HISTORICAL_PREMATCH_FREEZE,worldcup_stored_predictions,2026-07-18T19:15:00,2026-07-18T16:21:45.985940,,True,True,False,reconstructed,False
1591865,HISTORICAL_PREMATCH_FREEZE,worldcup_stored_predictions,2026-07-18T21:00:00,2026-07-18T16:22:12.680979,,True,True,False,,False
1556389,HISTORICAL_PREMATCH_FREEZE,worldcup_stored_predictions,2026-07-24T14:00:00,2026-07-24T12:52:20.096016,,True,True,False,reconstructed,False
1495739,HISTORICAL_PREMATCH_FREEZE,worldcup_stored_predictions,2026-07-24T16:00:00,2026-07-24T05:51:43.341461,,True,True,False,reconstructed,False
1546571,HISTORICAL_PREMATCH_FREEZE,worldcup_stored_predictions,2026-07-24T16:00:00,2026-07-24T12:52:42.910413,,True,True,False,reconstructed,False
1494224,HISTORICAL_PREMATCH_FREEZE,worldcup_stored_predictions,2026-07-24T17:00:00,2026-07-24T12:53:07.727296,,True,True,False,reconstructed,False
1555018,HISTORICAL_PREMATCH_FREEZE,worldcup_stored_predictions,2026-07-24T17:30:00,2026-07-24T14:54:36.233392,,True,True,False,reconstructed,False
1514242,HISTORICAL_PREMATCH_FREEZE,worldcup_stored_predictions,2026-07-24T18:00:00,2026-07-24T12:53:28.064182,,True,True,False,reconstructed,False
1555021,HISTORICAL_PREMATCH_FREEZE,worldcup_stored_predictions,2026-07-24T18:15:00,2026-07-24T14:54:58.672436,,True,True,False,reconstructed,False
1514241,HISTORICAL_PREMATCH_FREEZE,worldcup_stored_predictions,2026-07-24T19:15:00,2026-07-24T05:52:03.993152,,True,True,False,reconstructed,False
1508817,HISTORICAL_PREMATCH_FREEZE,worldcup_stored_predictions,2026-07-24T20:00:00,2026-07-24T12:53:50.483663,,True,True,False,reconstructed,False
1556391,HISTORICAL_PREMATCH_FREEZE,worldcup_stored_predictions,2026-07-25T12:00:00,2026-07-24T18:45:58.774818,,True,True,False,reconstructed,False
1494218,HISTORICAL_PREMATCH_FREEZE,worldcup_stored_predictions,2026-07-25T13:00:00,2026-07-24T18:46:19.520669,,True,True,False,,False
1497640,HISTORICAL_PREMATCH_FREEZE,worldcup_stored_predictions,2026-07-25T13:00:00,2026-07-24T05:52:25.078140,,True,True,False,reconstructed,False
1495740,HISTORICAL_PREMATCH_FREEZE,worldcup_stored_predictions,2026-07-25T13:30:00,2026-07-24T18:46:43.315626,,True,True,False,reconstructed,False
1494712,HISTORICAL_PREMATCH_FREEZE,worldcup_stored_predictions,2026-07-25T14:00:00,2026-07-24T05:52:45.104749,,True,True,False,reconstructed,False
1495741,HISTORICAL_PREMATCH_FREEZE,worldcup_stored_predictions,2026-07-25T14:00:00,2026-07-24T18:47:48.711983,,True,True,False,reconstructed,False
1514239,HISTORICAL_PREMATCH_FREEZE,worldcup_stored_predictions,2026-07-25T14:00:00,2026-07-24T18:47:07.900057,,True,True,False,reconstructed,False
1556392,HISTORICAL_PREMATCH_FREEZE,worldcup_stored_predictions,2026-07-25T14:00:00,2026-07-24T18:47:27.937518,,True,True,False,reconstructed,False
1556390,HISTORICAL_PREMATCH_FREEZE,worldcup_stored_predictions,2026-07-25T15:00:00,2026-07-24T18:48:13.883781,,True,True,False,reconstructed,False
1494221,HISTORICAL_PREMATCH_FREEZE,worldcup_stored_predictions,2026-07-25T15:30:00,2026-07-24T05:53:05.578003,,True,True,False,reconstructed,False
1556393,HISTORICAL_PREMATCH_FREEZE,worldcup_stored_predictions,2026-07-25T16:00:00,2026-07-24T05:53:24.798713,,True,True,False,reconstructed,False
1498671,HISTORICAL_PREMATCH_FREEZE,worldcup_stored_predictions,2026-07-25T18:00:00,2026-07-24T18:48:42.562287,,True,True,False,reconstructed,False
1498670,HISTORICAL_PREMATCH_FREEZE,worldcup_stored_predictions,2026-07-25T19:00:00,2026-07-24T05:53:49.062243,,True,True,False,reconstructed,False
1497639,HISTORICAL_PREMATCH_FREEZE,worldcup_stored_predictions,2026-07-26T11:00:00,2026-07-24T05:54:09.767915,,True,True,False,reconstructed,False
1494217,HISTORICAL_PREMATCH_FREEZE,worldcup_stored_predictions,2026-07-26T12:00:00,2026-07-24T18:49:12.571955,,True,True,False,reconstructed,False
1494223,HISTORICAL_PREMATCH_FREEZE,worldcup_stored_predictions,2026-07-26T12:00:00,2026-07-24T18:49:34.214778,,True,True,False,reconstructed,False
1495742,HISTORICAL_PREMATCH_FREEZE,worldcup_stored_predictions,2026-07-26T12:00:00,2026-07-24T05:54:30.624708,,True,True,False,reconstructed,False
1495743,HISTORICAL_PREMATCH_FREEZE,worldcup_stored_predictions,2026-07-26T12:00:00,2026-07-24T18:49:59.178328,,True,True,False,reconstructed,False
1556394,HISTORICAL_PREMATCH_FREEZE,worldcup_stored_predictions,2026-07-26T12:00:00,2026-07-26T11:53:48.055384,,True,True,False,reconstructed,False
1494710,HISTORICAL_PREMATCH_FREEZE,worldcup_stored_predictions,2026-07-26T12:30:00,2026-07-24T18:50:26.067195,,True,True,False,,False
1497635,HISTORICAL_PREMATCH_FREEZE,worldcup_stored_predictions,2026-07-26T13:00:00,2026-07-24T05:54:49.124341,,True,True,False,reconstructed,False
1495744,HISTORICAL_PREMATCH_FREEZE,worldcup_stored_predictions,2026-07-26T14:00:00,2026-07-24T18:50:50.606551,,True,True,False,reconstructed,False
1494219,HISTORICAL_PREMATCH_FREEZE,worldcup_stored_predictions,2026-07-26T14:30:00,2026-07-24T18:51:11.510088,,True,True,False,,False
1494222,HISTORICAL_PREMATCH_FREEZE,worldcup_stored_predictions,2026-07-26T14:30:00,2026-07-24T18:51:31.220940,,True,True,False,,False
1494711,HISTORICAL_PREMATCH_FREEZE,worldcup_stored_predictions,2026-07-26T15:00:00,2026-07-24T05:55:09.197299,,True,True,False,reconstructed,False
1494714,HISTORICAL_PREMATCH_FREEZE,worldcup_stored_predictions,2026-07-26T15:00:00,2026-07-24T18:51:56.526594,,True,True,False,reconstructed,False
1494715,HISTORICAL_PREMATCH_FREEZE,worldcup_stored_predictions,2026-07-26T15:00:00,2026-07-24T18:52:16.039512,,True,True,False,reconstructed,False
1497636,HISTORICAL_PREMATCH_FREEZE,worldcup_stored_predictions,2026-07-26T15:00:00,2026-07-24T05:55:27.754224,,True,True,False,reconstructed,False
1515890,HISTORICAL_PREMATCH_FREEZE,worldcup_stored_predictions,2026-07-26T15:30:00,2026-07-26T11:54:20.905890,,True,True,False,reconstructed,False
1547595,HISTORICAL_PREMATCH_FREEZE,worldcup_stored_predictions,2026-07-26T15:45:00,2026-07-26T11:54:52.389173,,True,True,False,reconstructed,False
1515892,HISTORICAL_PREMATCH_FREEZE,worldcup_stored_predictions,2026-07-26T16:00:00,2026-07-26T11:55:26.461064,,True,True,False,reconstructed,False
1494709,HISTORICAL_PREMATCH_FREEZE,worldcup_stored_predictions,2026-07-26T17:15:00,2026-07-24T18:52:43.699751,,True,True,False,,False
1498667,HISTORICAL_PREMATCH_FREEZE,worldcup_stored_predictions,2026-07-26T18:00:00,2026-07-26T11:56:01.584156,,True,True,False,reconstructed,False
1498668,HISTORICAL_PREMATCH_FREEZE,worldcup_stored_predictions,2026-07-26T18:00:00,2026-07-26T11:56:31.172326,,True,True,False,reconstructed,False
1498674,HISTORICAL_PREMATCH_FREEZE,worldcup_stored_predictions,2026-07-26T18:00:00,2026-07-26T11:57:02.928312,,True,True,False,reconstructed,False
1498678,HISTORICAL_PREMATCH_FREEZE,worldcup_stored_predictions,2026-07-26T18:00:00,2026-07-24T05:55:47.530987,,True,True,False,reconstructed,False
1498684,HISTORICAL_PREMATCH_FREEZE,worldcup_stored_predictions,2026-07-26T18:00:00,2026-07-24T05:56:12.050857,,True,True,False,reconstructed,False
1498673,HISTORICAL_PREMATCH_FREEZE,worldcup_stored_predictions,2026-07-26T18:30:00,2026-07-26T11:57:33.104917,,True,True,False,reconstructed,False
1498672,HISTORICAL_PREMATCH_FREEZE,worldcup_stored_predictions,2026-07-26T19:00:00,2026-07-26T11:58:39.806017,,True,True,False,reconstructed,False
1498675,HISTORICAL_PREMATCH_FREEZE,worldcup_stored_predictions,2026-07-26T19:00:00,2026-07-26T17:29:14.862499,,True,True,False,reconstructed,False
1498679,HISTORICAL_PREMATCH_FREEZE,worldcup_stored_predictions,2026-07-26T19:00:00,2026-07-26T11:59:38.841441,,True,True,False,reconstructed,False
1498680,HISTORICAL_PREMATCH_FREEZE,worldcup_stored_predictions,2026-07-26T19:00:00,2026-07-26T11:58:09.528793,,True,True,False,reconstructed,False
1498681,HISTORICAL_PREMATCH_FREEZE,worldcup_stored_predictions,2026-07-26T19:00:00,2026-07-26T17:28:58.634555,,True,True,False,reconstructed,False
1508815,HISTORICAL_PREMATCH_FREEZE,worldcup_stored_predictions,2026-07-26T19:15:00,2026-07-24T18:53:10.082811,,True,True,False,reconstructed,False
1508816,HISTORICAL_PREMATCH_FREEZE,worldcup_stored_predictions,2026-07-26T19:15:00,2026-07-24T05:56:31.556050,,True,True,False,reconstructed,False
1498676,HISTORICAL_PREMATCH_FREEZE,worldcup_stored_predictions,2026-07-26T21:00:00,2026-07-26T12:00:44.465548,,True,True,False,reconstructed,False
1515891,HISTORICAL_PREMATCH_FREEZE,worldcup_stored_predictions,2026-07-27T15:00:00,2026-07-26T12:04:43.378090,,True,True,False,reconstructed,False
1547597,HISTORICAL_PREMATCH_FREEZE,worldcup_stored_predictions,2026-07-27T15:45:00,2026-07-26T12:05:11.330723,,True,True,False,reconstructed,False
1515893,HISTORICAL_PREMATCH_FREEZE,worldcup_stored_predictions,2026-07-27T16:00:00,2026-07-26T12:05:39.875369,,True,True,False,reconstructed,False
1494220,HISTORICAL_PREMATCH_FREEZE,worldcup_stored_predictions,2026-07-27T17:00:00,2026-07-26T12:06:09.733305,,True,True,False,reconstructed,False
1494713,HISTORICAL_PREMATCH_FREEZE,worldcup_stored_predictions,2026-07-27T17:00:00,2026-07-26T12:06:41.406751,,True,True,False,reconstructed,False
1497637,HISTORICAL_PREMATCH_FREEZE,worldcup_stored_predictions,2026-07-27T17:00:00,2026-07-26T12:07:17.492162,,True,True,False,reconstructed,False
1497638,HISTORICAL_PREMATCH_FREEZE,worldcup_stored_predictions,2026-07-27T17:05:00,2026-07-26T12:07:46.834651,,True,True,False,reconstructed,False
1508818,HISTORICAL_PREMATCH_FREEZE,worldcup_stored_predictions,2026-07-27T18:00:00,2026-07-26T12:08:15.983835,,True,True,False,reconstructed,False
1508819,HISTORICAL_PREMATCH_FREEZE,worldcup_stored_predictions,2026-07-27T19:15:00,2026-07-26T12:08:46.619133,,True,True,False,reconstructed,False
1556395,HISTORICAL_PREMATCH_FREEZE,worldcup_stored_predictions,2026-07-28T15:00:00,2026-07-26T12:10:09.076276,,True,True,False,reconstructed,False
1589423,HISTORICAL_PREMATCH_FREEZE,worldcup_stored_predictions,2026-07-28T15:00:00,2026-07-26T12:10:37.038551,,True,True,False,reconstructed,False
1556396,HISTORICAL_PREMATCH_FREEZE,worldcup_stored_predictions,2026-07-28T16:00:00,2026-07-26T12:11:05.286486,,True,True,False,reconstructed,False
1589424,HISTORICAL_PREMATCH_FREEZE,worldcup_stored_predictions,2026-07-28T16:00:00,2026-07-26T12:11:33.231932,,True,True,False,reconstructed,False
1497633,HISTORICAL_PREMATCH_FREEZE,worldcup_stored_predictions,2026-07-28T17:00:00,2026-07-26T12:13:02.216398,,True,True,False,reconstructed,False
1497634,HISTORICAL_PREMATCH_FREEZE,worldcup_stored_predictions,2026-07-28T17:00:00,2026-07-26T12:13:33.114382,,True,True,False,reconstructed,False
1556506,HISTORICAL_PREMATCH_FREEZE,worldcup_stored_predictions,2026-07-28T17:00:00,2026-07-26T12:12:00.981833,,True,True,False,reconstructed,False
1556508,HISTORICAL_PREMATCH_FREEZE,worldcup_stored_predictions,2026-07-28T17:00:00,2026-07-26T12:12:34.873250,,True,True,False,,False
1589432,HISTORICAL_PREMATCH_FREEZE,worldcup_stored_predictions,2026-07-28T17:00:00,2026-07-26T12:14:03.877936,,True,True,False,reconstructed,False
1593498,HISTORICAL_PREMATCH_FREEZE,worldcup_stored_predictions,2026-07-28T17:00:00,2026-07-26T12:14:32.045344,,True,True,False,reconstructed,False
1556530,HISTORICAL_PREMATCH_FREEZE,worldcup_stored_predictions,2026-07-28T17:30:00,2026-07-26T12:14:58.692403,,True,True,False,reconstructed,False
1556505,HISTORICAL_PREMATCH_FREEZE,worldcup_stored_predictions,2026-07-28T18:00:00,2026-07-26T12:15:27.110581,,True,True,False,reconstructed,False
1591937,HISTORICAL_PREMATCH_FREEZE,worldcup_stored_predictions,2026-07-28T18:15:00,2026-07-26T12:15:57.524952,,True,True,False,reconstructed,False
1556507,HISTORICAL_PREMATCH_FREEZE,worldcup_stored_predictions,2026-07-28T18:45:00,2026-07-26T12:16:26.346187,,True,True,False,reconstructed,False
1589425,HISTORICAL_PREMATCH_FREEZE,worldcup_stored_predictions,2026-07-28T19:00:00,2026-07-26T12:16:53.957730,,True,True,False,reconstructed,False
1514243,HISTORICAL_PREMATCH_FREEZE,worldcup_stored_predictions,2026-07-28T19:15:00,2026-07-26T12:17:21.993312,,True,True,False,reconstructed,False
1556531,HISTORICAL_PREMATCH_FREEZE,worldcup_stored_predictions,2026-07-29T14:30:00,2026-07-26T12:18:28.634345,,True,True,False,reconstructed,False
1591938,HISTORICAL_PREMATCH_FREEZE,worldcup_stored_predictions,2026-07-29T15:00:00,2026-07-26T12:18:54.838627,,True,True,False,reconstructed,False
1591939,HISTORICAL_PREMATCH_FREEZE,worldcup_stored_predictions,2026-07-29T16:00:00,2026-07-26T12:19:23.457966,,True,True,False,reconstructed,False
1556532,HISTORICAL_PREMATCH_FREEZE,worldcup_stored_predictions,2026-07-29T17:00:00,2026-07-26T12:19:53.203186,,True,True,False,reconstructed,False
1589422,HISTORICAL_PREMATCH_FREEZE,worldcup_stored_predictions,2026-07-29T17:30:00,2026-07-26T12:20:20.756649,,True,True,False,reconstructed,False
1591940,HISTORICAL_PREMATCH_FREEZE,worldcup_stored_predictions,2026-07-29T17:30:00,2026-07-26T12:20:50.376381,,True,True,False,reconstructed,False
1514245,HISTORICAL_PREMATCH_FREEZE,worldcup_stored_predictions,2026-07-29T18:00:00,2026-07-26T12:21:18.799681,,True,True,False,reconstructed,False
1589421,HISTORICAL_PREMATCH_FREEZE,worldcup_stored_predictions,2026-07-29T18:00:00,2026-07-26T12:21:51.203033,,True,True,False,reconstructed,False
1589426,HISTORICAL_PREMATCH_FREEZE,worldcup_stored_predictions,2026-07-29T18:15:00,2026-07-26T12:22:19.230892,,True,True,False,reconstructed,False
1593514,HISTORICAL_PREMATCH_FREEZE,worldcup_stored_predictions,2026-07-29T18:30:00,2026-07-26T12:22:48.996755,,True,True,False,reconstructed,False
1514246,HISTORICAL_PREMATCH_FREEZE,worldcup_stored_predictions,2026-07-29T19:15:00,2026-07-28T13:40:31.597058,,True,True,False,reconstructed,False
1514247,HISTORICAL_PREMATCH_FREEZE,worldcup_stored_predictions,2026-07-29T19:15:00,2026-07-28T13:41:02.669539,,True,True,False,reconstructed,False
